customer_id,age,income,occupation,region,acquisition_channel,signup_date,onboarding_step,onboarding_status,transaction_count,avg_transaction_value,credit_score,default_flag,fraud_flag
1000,33,31923,Freelancer,Tier1,Referral,2024-01-01,Completed,Completed,11,1546,707,0,0
1001,29,17173,Student,Tier2,Ads,2024-01-02,Completed,Dropped,30,1099,602,0,0
1002,30,15579,Student,Tier2,Organic,2024-01-03,OTP_Verification,Completed,3,626,736,0,0
1003,32,19430,Student,Tier2,Referral,2024-01-04,OTP_Verification,Completed,26,1707,560,1,0
1004,23,19141,Student,Tier2,Referral,2024-01-05,KYC,Completed,16,1052,642,0,0
1005,29,46795,Salaried,Tier3,Ads,2024-01-06,Completed,Dropped,22,1952,710,0,0
1006,32,27312,Salaried,Tier1,Organic,2024-01-07,OTP_Verification,Completed,24,1277,565,1,0
1007,28,49177,Freelancer,Tier3,Referral,2024-01-08,OTP_Verification,Completed,18,487,740,0,0
1008,22,10010,Student,Tier3,Referral,2024-01-09,OTP_Verification,Dropped,6,1997,648,0,0
1009,34,40838,Freelancer,Tier2,Referral,2024-01-10,KYC,Dropped,8,1111,780,0,0
1010,33,8412,Student,Tier1,Organic,2024-01-11,KYC,Completed,22,818,559,1,0
1011,26,41884,Freelancer,Tier1,Ads,2024-01-12,OTP_Verification,Completed,28,253,741,0,0
1012,28,59163,Salaried,Tier2,Referral,2024-01-13,KYC,Dropped,18,1339,701,0,0
1013,21,32428,Freelancer,Tier2,Referral,2024-01-14,OTP_Verification,Completed,28,1398,791,0,0
1014,28,15138,Student,Tier1,Ads,2024-01-15,Completed,Completed,7,1780,703,0,0
1015,26,26307,Salaried,Tier1,Referral,2024-01-16,Completed,Dropped,23,490,564,1,0
1016,20,63114,Salaried,Tier2,Referral,2024-01-17,Completed,Dropped,19,397,675,0,0
1017,27,11480,Student,Tier3,Organic,2024-01-18,OTP_Verification,Completed,31,1105,595,1,0
1018,33,15212,Student,Tier3,Referral,2024-01-19,KYC,Completed,9,1868,631,0,0
1019,26,17745,Freelancer,Tier2,Referral,2024-01-20,OTP_Verification,Dropped,5,1402,699,0,0
1020,28,19829,Student,Tier3,Ads,2024-01-21,KYC,Completed,6,259,798,0,0
1021,29,23385,Freelancer,Tier1,Referral,2024-01-22,Completed,Completed,16,943,702,0,0
1022,32,33393,Salaried,Tier3,Organic,2024-01-23,OTP_Verification,Dropped,28,1070,733,0,0
1023,33,20780,Freelancer,Tier2,Referral,2024-01-24,KYC,Completed,32,209,581,1,0
1024,28,61558,Salaried,Tier2,Ads,2024-01-25,OTP_Verification,Dropped,5,1930,795,0,0
1025,29,55608,Salaried,Tier3,Referral,2024-01-26,Completed,Completed,19,1304,627,0,0
1026,28,59915,Salaried,Tier1,Referral,2024-01-27,KYC,Completed,9,1986,789,0,0
1027,27,11602,Student,Tier2,Organic,2024-01-28,Completed,Dropped,11,1077,649,0,0
1028,31,55230,Salaried,Tier3,Organic,2024-01-29,OTP_Verification,Dropped,38,808,622,0,0
1029,32,38131,Freelancer,Tier2,Organic,2024-01-30,OTP_Verification,Completed,31,1080,580,1,0
1030,23,9276,Student,Tier2,Ads,2024-01-31,Completed,Dropped,21,1937,761,0,0
1031,21,66724,Salaried,Tier2,Ads,2024-02-01,OTP_Verification,Dropped,8,976,563,1,0
1032,30,57473,Salaried,Tier1,Organic,2024-02-02,KYC,Completed,21,767,646,0,0
1033,25,18750,Freelancer,Tier2,Referral,2024-02-03,KYC,Dropped,32,398,648,0,0
1034,33,18901,Freelancer,Tier1,Ads,2024-02-04,Completed,Completed,5,1284,594,1,0
1035,24,26139,Freelancer,Tier3,Organic,2024-02-05,OTP_Verification,Dropped,3,1403,560,1,0
1036,32,45319,Salaried,Tier2,Referral,2024-02-06,KYC,Dropped,11,1211,699,0,0
1037,33,18417,Freelancer,Tier1,Ads,2024-02-07,OTP_Verification,Dropped,23,1072,722,0,1
1038,32,30870,Salaried,Tier1,Organic,2024-02-08,KYC,Completed,20,946,555,1,0
1039,28,59515,Salaried,Tier3,Organic,2024-02-09,Completed,Dropped,6,377,701,0,0
1040,23,37769,Salaried,Tier3,Ads,2024-02-10,Completed,Dropped,25,396,741,0,0
1041,22,49770,Freelancer,Tier3,Ads,2024-02-11,Completed,Dropped,20,508,664,0,0
1042,21,17007,Student,Tier2,Ads,2024-02-12,KYC,Dropped,12,1288,584,1,0
1043,21,52421,Salaried,Tier2,Organic,2024-02-13,Completed,Dropped,5,1311,629,0,0
1044,20,40537,Freelancer,Tier3,Referral,2024-02-14,OTP_Verification,Dropped,32,622,782,0,0
1045,27,12513,Student,Tier3,Ads,2024-02-15,KYC,Dropped,30,614,775,0,0
1046,23,8564,Student,Tier3,Organic,2024-02-16,OTP_Verification,Dropped,39,433,773,0,0
1047,21,17200,Student,Tier2,Organic,2024-02-17,OTP_Verification,Dropped,36,771,580,1,0
1048,24,9384,Student,Tier2,Organic,2024-02-18,OTP_Verification,Dropped,4,1598,623,0,0
1049,28,68458,Salaried,Tier2,Referral,2024-02-19,KYC,Completed,18,901,765,0,0
1050,22,37212,Freelancer,Tier3,Organic,2024-02-20,KYC,Dropped,23,1228,605,0,1
1051,24,17911,Freelancer,Tier3,Ads,2024-02-21,OTP_Verification,Completed,29,930,729,0,0
1052,21,58511,Salaried,Tier3,Organic,2024-02-22,Completed,Completed,21,1594,572,1,0
1053,32,21468,Freelancer,Tier3,Ads,2024-02-23,KYC,Completed,30,1186,679,0,0
1054,24,47118,Freelancer,Tier1,Organic,2024-02-24,OTP_Verification,Completed,39,1273,757,0,0
1055,24,31998,Freelancer,Tier3,Referral,2024-02-25,KYC,Completed,20,1106,557,1,0
1056,34,62845,Salaried,Tier3,Organic,2024-02-26,KYC,Completed,2,1603,657,0,0
1057,24,53823,Salaried,Tier3,Referral,2024-02-27,OTP_Verification,Dropped,21,562,660,0,0
1058,33,28893,Salaried,Tier2,Ads,2024-02-28,KYC,Completed,10,982,617,0,0
1059,22,19124,Student,Tier2,Referral,2024-02-29,OTP_Verification,Dropped,16,1684,761,0,0
1060,32,27112,Salaried,Tier2,Referral,2024-03-01,Completed,Completed,1,1516,767,0,0
1061,21,26869,Freelancer,Tier1,Organic,2024-03-02,KYC,Dropped,17,1521,730,0,0
1062,32,38386,Freelancer,Tier3,Ads,2024-03-03,Completed,Completed,4,1004,665,0,0
1063,31,43383,Freelancer,Tier1,Referral,2024-03-04,KYC,Dropped,18,1374,787,0,0
1064,26,28461,Freelancer,Tier3,Organic,2024-03-05,Completed,Completed,16,1987,565,1,0
1065,33,17196,Student,Tier3,Organic,2024-03-06,Completed,Completed,26,671,716,0,0
1066,32,48473,Salaried,Tier3,Referral,2024-03-07,OTP_Verification,Completed,4,706,634,0,0
1067,34,14680,Student,Tier1,Ads,2024-03-08,KYC,Completed,8,1767,597,1,0
1068,32,21905,Freelancer,Tier1,Referral,2024-03-09,KYC,Completed,19,553,676,0,0
1069,32,27551,Freelancer,Tier2,Referral,2024-03-10,OTP_Verification,Completed,9,530,663,0,0
1070,32,10314,Student,Tier2,Organic,2024-03-11,Completed,Completed,24,874,697,0,0
1071,22,61750,Salaried,Tier2,Ads,2024-03-12,Completed,Completed,25,349,609,0,0
1072,32,26663,Freelancer,Tier2,Ads,2024-03-13,Completed,Completed,6,1937,566,1,0
1073,29,44790,Freelancer,Tier1,Ads,2024-03-14,KYC,Dropped,32,1157,582,1,0
1074,22,31525,Salaried,Tier3,Organic,2024-03-15,OTP_Verification,Dropped,35,434,615,0,0
1075,28,13705,Student,Tier2,Ads,2024-03-16,KYC,Completed,38,1779,660,0,0
1076,32,64226,Salaried,Tier3,Referral,2024-03-17,OTP_Verification,Completed,24,1102,706,0,0
1077,34,13053,Student,Tier1,Organic,2024-03-18,OTP_Verification,Completed,10,866,648,0,0
1078,22,30104,Salaried,Tier1,Ads,2024-03-19,OTP_Verification,Dropped,28,1674,729,0,0
1079,30,63037,Salaried,Tier3,Ads,2024-03-20,Completed,Completed,25,1941,633,0,0
1080,31,39337,Freelancer,Tier3,Organic,2024-03-21,Completed,Dropped,38,1018,697,0,0
1081,21,49382,Salaried,Tier3,Organic,2024-03-22,Completed,Dropped,7,1779,586,1,0
1082,34,61778,Salaried,Tier2,Ads,2024-03-23,Completed,Dropped,25,864,765,0,0
1083,31,16219,Student,Tier3,Organic,2024-03-24,OTP_Verification,Completed,33,1776,777,0,0
1084,27,55627,Salaried,Tier1,Organic,2024-03-25,Completed,Completed,39,536,609,0,0
1085,32,26099,Freelancer,Tier1,Referral,2024-03-26,Completed,Completed,15,1480,619,0,0
1086,23,16977,Student,Tier3,Organic,2024-03-27,Completed,Completed,22,850,692,0,0
1087,22,38481,Freelancer,Tier3,Referral,2024-03-28,Completed,Completed,31,1393,572,1,0
1088,26,15411,Student,Tier2,Organic,2024-03-29,Completed,Dropped,34,652,590,1,0
1089,25,16496,Student,Tier3,Organic,2024-03-30,OTP_Verification,Completed,8,288,660,0,0
1090,29,16967,Student,Tier2,Organic,2024-03-31,Completed,Completed,10,815,760,0,0
1091,20,18240,Student,Tier3,Organic,2024-04-01,OTP_Verification,Completed,39,489,730,0,0
1092,32,12952,Student,Tier1,Organic,2024-04-02,KYC,Completed,30,735,736,0,0
1093,20,38753,Salaried,Tier3,Referral,2024-04-03,Completed,Completed,13,1168,751,0,0
1094,23,12328,Student,Tier2,Organic,2024-04-04,Completed,Dropped,1,1533,682,0,0
1095,20,40205,Freelancer,Tier1,Referral,2024-04-05,KYC,Completed,27,1900,560,1,0
1096,22,17290,Student,Tier2,Referral,2024-04-06,OTP_Verification,Completed,37,546,726,0,0
1097,28,22136,Freelancer,Tier3,Organic,2024-04-07,OTP_Verification,Completed,5,1377,600,0,0
1098,30,53465,Salaried,Tier1,Organic,2024-04-08,KYC,Dropped,31,406,607,0,0
1099,29,15589,Freelancer,Tier3,Referral,2024-04-09,KYC,Completed,15,1600,706,0,0
1100,21,27451,Freelancer,Tier1,Ads,2024-04-10,OTP_Verification,Dropped,10,1376,631,0,0
1101,34,25532,Freelancer,Tier1,Organic,2024-04-11,KYC,Dropped,12,1304,721,0,0
1102,29,29980,Salaried,Tier3,Referral,2024-04-12,KYC,Completed,11,733,746,0,0
1103,24,16697,Student,Tier1,Referral,2024-04-13,OTP_Verification,Completed,11,1317,600,0,0
1104,20,21377,Freelancer,Tier1,Referral,2024-04-14,OTP_Verification,Completed,36,1246,683,0,1
1105,28,8716,Student,Tier3,Ads,2024-04-15,Completed,Dropped,8,1380,794,0,0
1106,28,15235,Student,Tier1,Referral,2024-04-16,Completed,Completed,20,1003,639,0,0
1107,23,17941,Student,Tier3,Ads,2024-04-17,Completed,Dropped,18,1584,612,0,0
1108,23,43037,Freelancer,Tier3,Ads,2024-04-18,Completed,Dropped,22,1999,659,0,0
1109,22,41942,Freelancer,Tier2,Referral,2024-04-19,Completed,Completed,23,1486,632,0,0
1110,29,22836,Freelancer,Tier1,Organic,2024-04-20,Completed,Dropped,31,805,594,1,0
1111,31,29944,Freelancer,Tier3,Referral,2024-04-21,OTP_Verification,Completed,9,710,691,0,0
1112,28,17522,Student,Tier2,Ads,2024-04-22,OTP_Verification,Dropped,14,453,606,0,0
1113,25,36354,Freelancer,Tier1,Organic,2024-04-23,KYC,Completed,17,245,673,0,0
1114,25,63049,Salaried,Tier2,Referral,2024-04-24,Completed,Completed,18,341,734,0,0
1115,27,15817,Freelancer,Tier2,Organic,2024-04-25,OTP_Verification,Completed,1,338,682,0,0
1116,24,15749,Student,Tier1,Ads,2024-04-26,OTP_Verification,Completed,2,840,695,0,0
1117,34,39159,Freelancer,Tier2,Referral,2024-04-27,KYC,Completed,39,1936,619,0,0
1118,23,10654,Student,Tier2,Ads,2024-04-28,KYC,Completed,5,1942,720,0,0
1119,32,28150,Salaried,Tier2,Ads,2024-04-29,Completed,Completed,4,1161,617,0,0
1120,23,18550,Student,Tier2,Organic,2024-04-30,KYC,Completed,2,341,737,0,0
1121,20,24696,Freelancer,Tier3,Organic,2024-05-01,Completed,Completed,11,330,760,0,0
1122,27,60784,Salaried,Tier3,Ads,2024-05-02,Completed,Completed,7,1442,591,1,0
1123,24,45359,Freelancer,Tier1,Organic,2024-05-03,KYC,Dropped,21,1912,558,1,0
1124,25,59025,Salaried,Tier2,Referral,2024-05-04,KYC,Dropped,16,1499,732,0,0
1125,32,28273,Salaried,Tier2,Referral,2024-05-05,Completed,Completed,30,1793,620,0,0
1126,30,17451,Student,Tier1,Ads,2024-05-06,OTP_Verification,Completed,21,1008,580,1,0
1127,21,40930,Salaried,Tier2,Organic,2024-05-07,OTP_Verification,Dropped,17,1975,780,0,0
1128,29,37756,Salaried,Tier1,Ads,2024-05-08,Completed,Completed,13,777,639,0,0
1129,29,16745,Student,Tier1,Organic,2024-05-09,OTP_Verification,Completed,39,941,555,1,0
1130,31,16643,Student,Tier2,Referral,2024-05-10,OTP_Verification,Completed,1,1545,633,0,0
1131,33,29422,Salaried,Tier1,Organic,2024-05-11,OTP_Verification,Completed,15,752,609,0,0
1132,29,30170,Salaried,Tier1,Organic,2024-05-12,KYC,Completed,37,711,626,0,0
1133,32,33331,Freelancer,Tier3,Referral,2024-05-13,KYC,Dropped,5,788,663,0,1
1134,22,19966,Freelancer,Tier2,Ads,2024-05-14,OTP_Verification,Completed,14,1687,600,0,0
1135,26,53798,Salaried,Tier1,Organic,2024-05-15,OTP_Verification,Dropped,12,1318,623,0,0
1136,23,14205,Student,Tier3,Referral,2024-05-16,KYC,Completed,30,1069,583,1,0
1137,31,45451,Salaried,Tier2,Referral,2024-05-17,OTP_Verification,Completed,35,258,558,1,0
1138,29,27232,Freelancer,Tier3,Ads,2024-05-18,Completed,Completed,18,747,630,0,1
1139,23,48179,Salaried,Tier3,Ads,2024-05-19,OTP_Verification,Dropped,31,1115,778,0,0
1140,31,13325,Student,Tier1,Organic,2024-05-20,Completed,Completed,1,1009,733,0,0
1141,33,19719,Freelancer,Tier3,Referral,2024-05-21,OTP_Verification,Completed,15,1973,731,0,1
1142,30,34538,Salaried,Tier2,Organic,2024-05-22,OTP_Verification,Completed,4,1980,702,0,0
1143,27,9654,Student,Tier2,Organic,2024-05-23,OTP_Verification,Dropped,28,499,796,0,0
1144,28,42441,Freelancer,Tier2,Ads,2024-05-24,Completed,Completed,27,1179,755,0,0
1145,27,26197,Freelancer,Tier2,Referral,2024-05-25,KYC,Completed,6,1392,558,1,0
1146,24,67342,Salaried,Tier1,Organic,2024-05-26,OTP_Verification,Dropped,39,1907,638,0,0
1147,27,11139,Student,Tier2,Ads,2024-05-27,KYC,Completed,22,797,598,1,0
1148,31,57363,Salaried,Tier2,Ads,2024-05-28,Completed,Completed,25,1609,703,0,0
1149,23,43790,Freelancer,Tier1,Organic,2024-05-29,KYC,Completed,38,437,775,0,0
1150,29,23216,Freelancer,Tier2,Referral,2024-05-30,KYC,Completed,19,363,686,0,0
1151,29,41343,Salaried,Tier1,Referral,2024-05-31,OTP_Verification,Dropped,29,1713,722,0,0
1152,33,15161,Student,Tier1,Organic,2024-06-01,Completed,Completed,39,1678,767,0,0
1153,23,40725,Freelancer,Tier3,Referral,2024-06-02,Completed,Dropped,5,395,655,0,0
1154,27,68695,Salaried,Tier3,Referral,2024-06-03,KYC,Completed,13,290,641,0,0
1155,27,28570,Salaried,Tier3,Organic,2024-06-04,OTP_Verification,Completed,3,574,779,0,0
1156,22,30793,Freelancer,Tier2,Organic,2024-06-05,Completed,Completed,37,717,579,1,0
1157,28,15414,Student,Tier1,Referral,2024-06-06,KYC,Completed,3,978,767,0,0
1158,33,26226,Freelancer,Tier3,Referral,2024-06-07,KYC,Completed,37,1724,674,0,0
1159,25,28532,Salaried,Tier2,Referral,2024-06-08,OTP_Verification,Completed,7,1939,755,0,0
1160,27,19253,Student,Tier3,Referral,2024-06-09,Completed,Completed,5,585,603,0,0
1161,31,19667,Student,Tier2,Referral,2024-06-10,Completed,Dropped,19,736,583,1,0
1162,34,9680,Student,Tier2,Organic,2024-06-11,OTP_Verification,Completed,22,1053,765,0,0
1163,34,10306,Student,Tier1,Referral,2024-06-12,OTP_Verification,Completed,27,1922,656,0,0
1164,30,50300,Salaried,Tier1,Ads,2024-06-13,KYC,Dropped,12,277,684,0,0
1165,33,40875,Freelancer,Tier2,Organic,2024-06-14,Completed,Dropped,15,438,690,0,0
1166,28,41031,Freelancer,Tier3,Organic,2024-06-15,Completed,Completed,17,601,650,0,0
1167,31,27533,Salaried,Tier2,Referral,2024-06-16,OTP_Verification,Dropped,15,1124,666,0,0
1168,23,49963,Salaried,Tier3,Referral,2024-06-17,OTP_Verification,Completed,3,1347,744,0,0
1169,31,52350,Salaried,Tier3,Ads,2024-06-18,KYC,Completed,29,849,623,0,0
1170,27,40564,Freelancer,Tier2,Referral,2024-06-19,Completed,Completed,9,829,798,0,0
1171,33,13692,Student,Tier1,Organic,2024-06-20,KYC,Dropped,37,609,611,0,0
1172,24,38871,Salaried,Tier2,Ads,2024-06-21,KYC,Completed,7,894,692,0,0
1173,27,12267,Student,Tier3,Ads,2024-06-22,KYC,Dropped,3,1798,660,0,0
1174,29,64276,Salaried,Tier3,Organic,2024-06-23,OTP_Verification,Dropped,18,1481,564,1,0
1175,25,15478,Student,Tier2,Organic,2024-06-24,Completed,Dropped,12,1403,658,0,0
1176,23,42370,Freelancer,Tier3,Referral,2024-06-25,KYC,Completed,29,457,670,0,0
1177,34,38920,Salaried,Tier3,Ads,2024-06-26,Completed,Dropped,29,401,665,0,0
1178,27,26746,Salaried,Tier2,Ads,2024-06-27,Completed,Dropped,17,258,692,0,0
1179,29,27828,Freelancer,Tier3,Organic,2024-06-28,Completed,Completed,12,1181,587,1,0
1180,20,19501,Student,Tier1,Organic,2024-06-29,KYC,Dropped,14,1153,625,0,0
1181,33,32054,Freelancer,Tier1,Referral,2024-06-30,KYC,Dropped,6,953,758,0,0
1182,34,46814,Salaried,Tier2,Organic,2024-07-01,Completed,Dropped,30,940,609,0,0
1183,31,41920,Salaried,Tier1,Referral,2024-07-02,OTP_Verification,Completed,31,1563,758,0,0
1184,25,30594,Salaried,Tier2,Organic,2024-07-03,OTP_Verification,Completed,39,1156,658,0,0
1185,22,9924,Student,Tier3,Referral,2024-07-04,Completed,Dropped,34,1477,723,0,0
1186,23,44193,Freelancer,Tier1,Ads,2024-07-05,OTP_Verification,Dropped,29,1662,745,0,0
1187,25,34365,Salaried,Tier3,Referral,2024-07-06,Completed,Dropped,9,422,771,0,0
1188,33,47945,Salaried,Tier1,Referral,2024-07-07,OTP_Verification,Completed,19,704,736,0,0
1189,32,35074,Freelancer,Tier2,Organic,2024-07-08,Completed,Completed,26,432,611,0,0
1190,30,11698,Student,Tier3,Referral,2024-07-09,OTP_Verification,Completed,33,1975,750,0,0
1191,26,45928,Freelancer,Tier2,Referral,2024-07-10,KYC,Completed,27,656,632,0,0
1192,24,36411,Freelancer,Tier2,Ads,2024-07-11,Completed,Completed,35,1940,670,0,0
1193,33,9096,Student,Tier2,Ads,2024-07-12,OTP_Verification,Dropped,1,813,640,0,0
1194,31,28287,Salaried,Tier2,Referral,2024-07-13,Completed,Completed,35,1652,581,1,0
1195,24,10667,Student,Tier3,Organic,2024-07-14,KYC,Dropped,6,744,769,0,0
1196,32,46466,Salaried,Tier2,Referral,2024-07-15,Completed,Completed,22,576,705,0,0
1197,26,30858,Freelancer,Tier1,Referral,2024-07-16,KYC,Dropped,17,551,729,0,0
1198,32,26757,Freelancer,Tier3,Ads,2024-07-17,OTP_Verification,Completed,6,573,603,0,0
1199,26,44281,Salaried,Tier2,Referral,2024-07-18,OTP_Verification,Dropped,14,663,698,0,0
1200,24,34691,Salaried,Tier1,Referral,2024-07-19,OTP_Verification,Completed,9,1894,591,1,0
1201,31,21298,Freelancer,Tier3,Referral,2024-07-20,KYC,Dropped,36,508,728,0,0
1202,26,17816,Student,Tier3,Ads,2024-07-21,OTP_Verification,Completed,30,695,767,0,0
1203,31,24224,Freelancer,Tier2,Referral,2024-07-22,KYC,Completed,27,230,796,0,0
1204,26,15375,Student,Tier3,Referral,2024-07-23,OTP_Verification,Completed,38,1511,683,0,0
1205,28,17932,Student,Tier3,Referral,2024-07-24,Completed,Completed,19,745,553,1,0
1206,22,16689,Freelancer,Tier1,Ads,2024-07-25,Completed,Completed,21,934,599,1,0
1207,26,9562,Student,Tier2,Referral,2024-07-26,Completed,Completed,9,1975,664,0,0
1208,29,11919,Student,Tier1,Organic,2024-07-27,OTP_Verification,Completed,8,1467,688,0,0
1209,20,45193,Freelancer,Tier1,Organic,2024-07-28,KYC,Completed,39,457,762,0,0
1210,20,27792,Freelancer,Tier2,Referral,2024-07-29,Completed,Dropped,25,1300,633,0,0
1211,31,43116,Freelancer,Tier1,Organic,2024-07-30,OTP_Verification,Dropped,3,695,603,0,0
1212,21,41504,Salaried,Tier2,Ads,2024-07-31,KYC,Dropped,17,1599,785,0,0
1213,30,19196,Freelancer,Tier1,Referral,2024-08-01,OTP_Verification,Dropped,19,1401,685,0,0
1214,24,48299,Salaried,Tier2,Ads,2024-08-02,OTP_Verification,Completed,10,1162,551,1,0
1215,30,33012,Freelancer,Tier1,Organic,2024-08-03,Completed,Completed,22,1355,731,0,0
1216,24,18464,Freelancer,Tier3,Referral,2024-08-04,KYC,Completed,29,970,733,0,0
1217,26,34241,Freelancer,Tier2,Organic,2024-08-05,Completed,Completed,23,308,799,0,0
1218,24,57183,Salaried,Tier2,Ads,2024-08-06,KYC,Dropped,36,1201,645,0,0
1219,27,15879,Freelancer,Tier1,Referral,2024-08-07,OTP_Verification,Completed,29,1593,720,0,0
1220,24,12467,Student,Tier2,Ads,2024-08-08,Completed,Completed,13,401,550,1,0
1221,32,40464,Salaried,Tier1,Organic,2024-08-09,KYC,Completed,27,1475,694,0,0
1222,23,10050,Student,Tier1,Ads,2024-08-10,Completed,Dropped,10,1669,762,0,0
1223,28,19301,Student,Tier1,Referral,2024-08-11,KYC,Completed,5,1211,622,0,0
1224,24,11803,Student,Tier2,Organic,2024-08-12,KYC,Dropped,29,542,724,0,0
1225,31,12699,Student,Tier3,Ads,2024-08-13,KYC,Completed,20,1208,683,0,0
1226,31,42528,Salaried,Tier2,Ads,2024-08-14,KYC,Completed,22,1630,682,0,0
1227,20,63496,Salaried,Tier2,Referral,2024-08-15,KYC,Completed,21,693,669,0,0
1228,23,27412,Freelancer,Tier3,Referral,2024-08-16,Completed,Completed,8,692,704,0,0
1229,28,15689,Student,Tier1,Ads,2024-08-17,Completed,Dropped,29,1879,734,0,0
1230,22,26630,Freelancer,Tier3,Referral,2024-08-18,KYC,Dropped,31,1786,760,0,0
1231,32,43508,Freelancer,Tier2,Organic,2024-08-19,KYC,Dropped,20,1592,792,0,0
1232,20,17442,Student,Tier3,Referral,2024-08-20,Completed,Completed,36,1788,795,0,0
1233,20,57717,Salaried,Tier1,Ads,2024-08-21,KYC,Dropped,36,1704,670,0,0
1234,20,16268,Freelancer,Tier1,Organic,2024-08-22,OTP_Verification,Dropped,19,1107,687,0,0
1235,30,20552,Freelancer,Tier1,Ads,2024-08-23,KYC,Completed,35,1227,767,0,0
1236,30,13244,Student,Tier2,Organic,2024-08-24,OTP_Verification,Completed,37,1999,671,0,0
1237,34,13111,Student,Tier1,Referral,2024-08-25,KYC,Completed,14,1627,731,0,0
1238,29,12336,Student,Tier3,Referral,2024-08-26,Completed,Completed,4,587,664,0,0
1239,30,54258,Salaried,Tier3,Referral,2024-08-27,KYC,Dropped,16,1354,698,0,0
1240,34,11282,Student,Tier1,Ads,2024-08-28,KYC,Completed,2,278,609,0,0
1241,29,35219,Salaried,Tier3,Referral,2024-08-29,Completed,Dropped,15,993,703,0,0
1242,23,34901,Salaried,Tier1,Organic,2024-08-30,Completed,Completed,36,439,576,1,0
1243,28,16192,Student,Tier1,Referral,2024-08-31,OTP_Verification,Completed,11,671,693,0,0
1244,23,25342,Freelancer,Tier1,Referral,2024-09-01,KYC,Completed,35,511,666,0,0
1245,24,17731,Freelancer,Tier2,Ads,2024-09-02,Completed,Completed,24,1277,748,0,0
1246,32,15384,Student,Tier1,Referral,2024-09-03,KYC,Completed,22,295,575,1,0
1247,23,15041,Student,Tier1,Organic,2024-09-04,KYC,Completed,9,1213,773,0,0
1248,22,16447,Student,Tier3,Organic,2024-09-05,KYC,Completed,39,1745,732,0,0
1249,34,25874,Freelancer,Tier1,Referral,2024-09-06,Completed,Completed,11,1466,695,0,1
1250,32,43625,Freelancer,Tier3,Organic,2024-09-07,Completed,Completed,5,1496,655,0,0
1251,29,38855,Salaried,Tier1,Referral,2024-09-08,Completed,Completed,25,379,639,0,0
1252,29,59189,Salaried,Tier1,Organic,2024-09-09,OTP_Verification,Completed,34,1708,634,0,0
1253,28,36456,Freelancer,Tier3,Organic,2024-09-10,OTP_Verification,Completed,36,1838,735,0,0
1254,20,37708,Freelancer,Tier3,Referral,2024-09-11,Completed,Dropped,29,1729,702,0,0
1255,32,17084,Student,Tier3,Organic,2024-09-12,OTP_Verification,Completed,37,700,696,0,0
1256,23,19010,Student,Tier2,Referral,2024-09-13,OTP_Verification,Completed,7,1669,720,0,0
1257,23,19661,Freelancer,Tier1,Referral,2024-09-14,OTP_Verification,Completed,9,1155,653,0,0
1258,29,15019,Student,Tier3,Referral,2024-09-15,KYC,Completed,13,679,641,0,0
1259,25,12388,Student,Tier1,Organic,2024-09-16,OTP_Verification,Completed,28,1344,606,0,0
1260,29,41305,Freelancer,Tier1,Organic,2024-09-17,KYC,Completed,10,1358,599,1,0
1261,27,18153,Freelancer,Tier2,Ads,2024-09-18,OTP_Verification,Dropped,36,1947,570,1,0
1262,28,14332,Student,Tier1,Organic,2024-09-19,OTP_Verification,Completed,18,883,674,0,0
1263,30,14513,Student,Tier1,Ads,2024-09-20,OTP_Verification,Dropped,32,385,745,0,0
1264,23,10824,Student,Tier3,Referral,2024-09-21,KYC,Completed,7,252,732,0,0
1265,31,29095,Freelancer,Tier1,Organic,2024-09-22,KYC,Completed,24,1914,608,0,0
1266,27,16693,Freelancer,Tier2,Referral,2024-09-23,OTP_Verification,Completed,9,1769,716,0,0
1267,33,8227,Student,Tier1,Ads,2024-09-24,OTP_Verification,Completed,13,1878,727,0,0
1268,33,8115,Student,Tier1,Referral,2024-09-25,KYC,Completed,37,902,720,0,0
1269,22,33122,Salaried,Tier2,Ads,2024-09-26,OTP_Verification,Dropped,36,221,697,0,0
1270,30,33521,Freelancer,Tier2,Referral,2024-09-27,KYC,Completed,19,746,634,0,1
1271,30,33790,Freelancer,Tier1,Referral,2024-09-28,KYC,Dropped,30,1380,740,0,0
1272,33,24457,Freelancer,Tier2,Ads,2024-09-29,KYC,Dropped,27,1256,585,1,0
1273,31,17100,Student,Tier3,Organic,2024-09-30,OTP_Verification,Completed,2,1427,738,0,0
1274,22,34752,Salaried,Tier1,Referral,2024-10-01,OTP_Verification,Completed,21,536,698,0,0
1275,23,16070,Freelancer,Tier3,Referral,2024-10-02,KYC,Completed,12,675,636,0,0
1276,33,34602,Freelancer,Tier2,Referral,2024-10-03,KYC,Completed,10,1521,665,0,0
1277,25,9123,Student,Tier3,Referral,2024-10-04,OTP_Verification,Dropped,28,1632,557,1,0
1278,28,15811,Freelancer,Tier3,Referral,2024-10-05,KYC,Dropped,20,565,620,0,0
1279,30,46241,Salaried,Tier1,Referral,2024-10-06,OTP_Verification,Completed,22,1308,797,0,0
1280,28,62334,Salaried,Tier2,Organic,2024-10-07,KYC,Completed,1,1585,755,0,0
1281,26,16433,Student,Tier2,Referral,2024-10-08,OTP_Verification,Completed,23,1796,659,0,0
1282,34,9057,Student,Tier2,Ads,2024-10-09,KYC,Completed,20,549,598,1,0
1283,21,10244,Student,Tier1,Ads,2024-10-10,OTP_Verification,Completed,27,813,650,0,0
1284,31,44412,Salaried,Tier3,Referral,2024-10-11,KYC,Completed,15,1623,726,0,0
1285,21,65187,Salaried,Tier1,Referral,2024-10-12,Completed,Completed,1,363,556,1,0
1286,24,12231,Student,Tier2,Ads,2024-10-13,Completed,Dropped,35,1856,566,1,0
1287,23,29160,Freelancer,Tier3,Referral,2024-10-14,KYC,Dropped,38,787,754,0,0
1288,20,25409,Salaried,Tier1,Organic,2024-10-15,KYC,Dropped,15,417,570,1,0
1289,32,20256,Freelancer,Tier1,Ads,2024-10-16,OTP_Verification,Dropped,29,803,741,0,0
1290,30,25311,Freelancer,Tier1,Referral,2024-10-17,KYC,Completed,21,1201,736,0,0
1291,27,42986,Freelancer,Tier2,Referral,2024-10-18,Completed,Completed,1,1505,587,1,0
1292,32,44200,Salaried,Tier1,Organic,2024-10-19,OTP_Verification,Dropped,15,570,571,1,0
1293,26,17589,Student,Tier1,Organic,2024-10-20,OTP_Verification,Completed,2,232,666,0,0
1294,22,47487,Freelancer,Tier3,Referral,2024-10-21,KYC,Dropped,17,470,652,0,0
1295,22,66449,Salaried,Tier2,Ads,2024-10-22,OTP_Verification,Dropped,12,1974,680,0,0
1296,28,30293,Freelancer,Tier2,Organic,2024-10-23,OTP_Verification,Completed,24,239,569,1,0
1297,34,36140,Freelancer,Tier2,Organic,2024-10-24,OTP_Verification,Completed,3,1099,654,0,0
1298,29,40297,Freelancer,Tier2,Ads,2024-10-25,KYC,Dropped,30,1379,677,0,0
1299,29,30268,Salaried,Tier3,Organic,2024-10-26,OTP_Verification,Dropped,15,1997,579,1,0
1300,33,11328,Student,Tier1,Referral,2024-10-27,KYC,Completed,22,233,616,0,0
1301,23,18663,Student,Tier2,Organic,2024-10-28,OTP_Verification,Dropped,26,1500,710,0,0
1302,23,55685,Salaried,Tier2,Ads,2024-10-29,KYC,Completed,35,1883,604,0,0
1303,31,45650,Salaried,Tier2,Referral,2024-10-30,KYC,Completed,11,1133,555,1,0
1304,32,39364,Freelancer,Tier1,Referral,2024-10-31,OTP_Verification,Completed,11,1361,642,0,0
1305,26,15736,Freelancer,Tier3,Organic,2024-11-01,OTP_Verification,Completed,34,505,610,0,0
1306,25,22107,Freelancer,Tier1,Organic,2024-11-02,Completed,Completed,5,879,755,0,0
1307,21,41479,Salaried,Tier1,Organic,2024-11-03,Completed,Completed,24,1364,772,0,0
1308,32,68690,Salaried,Tier3,Ads,2024-11-04,KYC,Dropped,1,417,598,1,0
1309,27,18045,Freelancer,Tier3,Organic,2024-11-05,KYC,Dropped,29,358,658,0,0
1310,23,66094,Salaried,Tier3,Referral,2024-11-06,OTP_Verification,Dropped,6,1657,778,0,0
1311,33,23775,Freelancer,Tier1,Ads,2024-11-07,Completed,Completed,22,388,711,0,0
1312,34,17936,Student,Tier2,Ads,2024-11-08,OTP_Verification,Completed,39,668,631,0,0
1313,27,36471,Salaried,Tier2,Ads,2024-11-09,Completed,Dropped,1,589,748,0,0
1314,32,50588,Salaried,Tier1,Ads,2024-11-10,KYC,Dropped,1,205,560,1,0
1315,21,18069,Freelancer,Tier2,Referral,2024-11-11,OTP_Verification,Dropped,5,1414,674,0,0
1316,31,13581,Student,Tier3,Ads,2024-11-12,Completed,Completed,2,538,611,0,0
1317,32,60329,Salaried,Tier3,Ads,2024-11-13,OTP_Verification,Completed,27,1673,706,0,0
1318,26,64923,Salaried,Tier2,Organic,2024-11-14,KYC,Completed,32,1184,763,0,0
1319,22,23232,Freelancer,Tier3,Organic,2024-11-15,KYC,Completed,29,406,564,1,1
1320,24,39475,Salaried,Tier2,Organic,2024-11-16,Completed,Dropped,25,791,768,0,0
1321,23,12299,Student,Tier3,Ads,2024-11-17,Completed,Dropped,25,1811,707,0,0
1322,28,12393,Student,Tier1,Ads,2024-11-18,KYC,Completed,2,930,596,1,0
1323,33,36151,Freelancer,Tier3,Referral,2024-11-19,Completed,Completed,15,1405,790,0,0
1324,31,46289,Salaried,Tier2,Ads,2024-11-20,Completed,Completed,14,1226,798,0,0
1325,24,38855,Salaried,Tier2,Organic,2024-11-21,Completed,Completed,28,1317,607,0,0
1326,25,38739,Salaried,Tier1,Ads,2024-11-22,OTP_Verification,Completed,30,1854,655,0,0
1327,29,27035,Freelancer,Tier2,Organic,2024-11-23,Completed,Dropped,15,441,595,1,1
1328,34,63016,Salaried,Tier1,Referral,2024-11-24,KYC,Completed,8,1970,579,1,0
1329,26,51678,Salaried,Tier2,Referral,2024-11-25,KYC,Dropped,5,626,655,0,0
1330,28,39882,Salaried,Tier1,Referral,2024-11-26,Completed,Completed,37,1331,727,0,0
1331,31,58666,Salaried,Tier3,Organic,2024-11-27,OTP_Verification,Completed,33,531,575,1,0
1332,20,57016,Salaried,Tier2,Referral,2024-11-28,KYC,Completed,35,1250,710,0,0
1333,26,69579,Salaried,Tier3,Referral,2024-11-29,OTP_Verification,Dropped,30,1086,799,0,0
1334,24,15557,Student,Tier2,Referral,2024-11-30,OTP_Verification,Dropped,19,970,708,0,0
1335,23,14361,Student,Tier2,Ads,2024-12-01,KYC,Completed,5,1072,759,0,0
1336,24,55478,Salaried,Tier2,Ads,2024-12-02,OTP_Verification,Dropped,11,1447,681,0,0
1337,29,65136,Salaried,Tier2,Ads,2024-12-03,KYC,Completed,9,1283,631,0,0
1338,24,47384,Salaried,Tier1,Organic,2024-12-04,Completed,Dropped,15,1125,669,0,0
1339,30,44743,Freelancer,Tier2,Referral,2024-12-05,OTP_Verification,Completed,38,1579,573,1,0
1340,23,52131,Salaried,Tier1,Ads,2024-12-06,OTP_Verification,Completed,22,1938,716,0,0
1341,33,29336,Freelancer,Tier2,Referral,2024-12-07,OTP_Verification,Dropped,8,541,683,0,0
1342,21,11569,Student,Tier2,Organic,2024-12-08,Completed,Completed,28,880,772,0,0
1343,26,13539,Student,Tier3,Organic,2024-12-09,KYC,Completed,19,1957,736,0,0
1344,31,63752,Salaried,Tier3,Ads,2024-12-10,OTP_Verification,Dropped,22,1587,707,0,0
1345,26,27070,Salaried,Tier3,Referral,2024-12-11,Completed,Completed,37,1666,666,0,0
1346,34,24449,Freelancer,Tier1,Ads,2024-12-12,KYC,Completed,14,933,660,0,0
1347,22,37703,Freelancer,Tier3,Referral,2024-12-13,KYC,Dropped,2,1109,763,0,0
1348,34,45653,Freelancer,Tier1,Referral,2024-12-14,Completed,Completed,12,1944,649,0,0
1349,22,32316,Freelancer,Tier1,Ads,2024-12-15,OTP_Verification,Dropped,5,918,705,0,0
1350,32,10660,Student,Tier2,Organic,2024-12-16,Completed,Completed,35,414,765,0,0
1351,22,32867,Freelancer,Tier1,Referral,2024-12-17,Completed,Dropped,1,463,704,0,0
1352,33,48435,Freelancer,Tier1,Referral,2024-12-18,KYC,Dropped,19,637,576,1,0
1353,25,45364,Freelancer,Tier1,Referral,2024-12-19,KYC,Dropped,22,592,709,0,0
1354,29,18412,Freelancer,Tier2,Organic,2024-12-20,OTP_Verification,Completed,34,850,623,0,0
1355,32,29781,Freelancer,Tier2,Referral,2024-12-21,KYC,Dropped,18,1229,678,0,0
1356,30,16996,Freelancer,Tier2,Referral,2024-12-22,KYC,Completed,14,1209,640,0,0
1357,26,34057,Freelancer,Tier2,Referral,2024-12-23,Completed,Completed,4,954,650,0,0
1358,26,48116,Freelancer,Tier1,Ads,2024-12-24,KYC,Completed,16,1176,697,0,0
1359,26,13547,Student,Tier2,Referral,2024-12-25,Completed,Completed,27,1154,576,1,0
1360,28,8276,Student,Tier2,Referral,2024-12-26,Completed,Dropped,6,1185,649,0,0
1361,23,13220,Student,Tier1,Ads,2024-12-27,OTP_Verification,Completed,22,1523,797,0,0
1362,30,16189,Freelancer,Tier3,Referral,2024-12-28,KYC,Dropped,35,1879,590,1,0
1363,23,38888,Salaried,Tier1,Organic,2024-12-29,Completed,Dropped,3,1727,768,0,0
1364,34,17538,Student,Tier2,Organic,2024-12-30,OTP_Verification,Completed,28,272,783,0,0
1365,33,65810,Salaried,Tier2,Ads,2024-12-31,Completed,Completed,8,1737,771,0,0
1366,21,63670,Salaried,Tier3,Organic,2025-01-01,OTP_Verification,Completed,16,1517,780,0,0
1367,22,40075,Freelancer,Tier2,Organic,2025-01-02,Completed,Completed,11,980,557,1,0
1368,21,59979,Salaried,Tier2,Referral,2025-01-03,KYC,Dropped,17,1600,729,0,0
1369,27,16004,Student,Tier3,Ads,2025-01-04,Completed,Completed,16,1760,722,0,0
1370,33,69380,Salaried,Tier3,Referral,2025-01-05,OTP_Verification,Dropped,24,1353,631,0,0
1371,25,65982,Salaried,Tier3,Ads,2025-01-06,KYC,Completed,22,1602,557,1,0
1372,32,56172,Salaried,Tier2,Ads,2025-01-07,Completed,Completed,26,1472,666,0,0
1373,20,12640,Student,Tier2,Referral,2025-01-08,KYC,Dropped,39,966,597,1,0
1374,21,42459,Freelancer,Tier2,Ads,2025-01-09,OTP_Verification,Completed,29,882,730,0,0
1375,22,32052,Salaried,Tier3,Referral,2025-01-10,OTP_Verification,Completed,22,1370,669,0,0
1376,21,46137,Freelancer,Tier3,Organic,2025-01-11,KYC,Completed,15,700,585,1,0
1377,33,50457,Salaried,Tier1,Organic,2025-01-12,Completed,Dropped,4,870,760,0,0
1378,29,41330,Freelancer,Tier3,Organic,2025-01-13,Completed,Completed,25,1330,630,0,0
1379,33,9725,Student,Tier2,Referral,2025-01-14,OTP_Verification,Dropped,35,1396,586,1,0
1380,21,16642,Student,Tier1,Referral,2025-01-15,KYC,Dropped,4,219,766,0,0
1381,31,21273,Freelancer,Tier3,Ads,2025-01-16,OTP_Verification,Completed,8,303,635,0,0
1382,29,47872,Freelancer,Tier2,Referral,2025-01-17,OTP_Verification,Completed,5,595,752,0,0
1383,27,35239,Freelancer,Tier1,Ads,2025-01-18,Completed,Completed,7,1892,709,0,0
1384,29,42511,Freelancer,Tier1,Ads,2025-01-19,Completed,Completed,11,1503,647,0,0
1385,29,12713,Student,Tier2,Organic,2025-01-20,OTP_Verification,Dropped,4,1075,612,0,0
1386,32,58288,Salaried,Tier2,Organic,2025-01-21,KYC,Completed,10,1652,561,1,0
1387,29,27506,Salaried,Tier2,Ads,2025-01-22,OTP_Verification,Completed,16,1080,767,0,0
1388,32,22319,Freelancer,Tier2,Referral,2025-01-23,OTP_Verification,Completed,15,881,795,0,0
1389,20,19841,Student,Tier2,Ads,2025-01-24,Completed,Dropped,11,1747,644,0,0
1390,30,25863,Salaried,Tier2,Organic,2025-01-25,OTP_Verification,Dropped,34,1119,684,0,0
1391,25,40850,Freelancer,Tier2,Ads,2025-01-26,Completed,Completed,21,646,657,0,0
1392,33,11416,Student,Tier2,Ads,2025-01-27,KYC,Dropped,30,967,695,0,0
1393,22,17898,Student,Tier2,Ads,2025-01-28,KYC,Dropped,6,426,750,0,0
1394,20,13597,Student,Tier1,Ads,2025-01-29,KYC,Dropped,15,462,795,0,0
1395,27,59783,Salaried,Tier1,Ads,2025-01-30,KYC,Completed,15,232,771,0,0
1396,31,48158,Salaried,Tier3,Organic,2025-01-31,KYC,Completed,27,1916,599,1,0
1397,27,33021,Salaried,Tier2,Referral,2025-02-01,OTP_Verification,Completed,14,1701,693,0,0
1398,32,59292,Salaried,Tier2,Ads,2025-02-02,KYC,Completed,27,423,705,0,0
1399,33,49294,Salaried,Tier3,Referral,2025-02-03,KYC,Completed,23,719,701,0,0
1400,25,64253,Salaried,Tier2,Ads,2025-02-04,KYC,Completed,9,393,667,0,0
1401,29,41885,Freelancer,Tier2,Ads,2025-02-05,KYC,Completed,25,930,769,0,0
1402,22,29804,Salaried,Tier3,Ads,2025-02-06,Completed,Dropped,13,969,777,0,0
1403,32,19295,Student,Tier1,Organic,2025-02-07,KYC,Completed,2,342,564,1,0
1404,27,45787,Salaried,Tier3,Referral,2025-02-08,Completed,Completed,26,894,769,0,0
1405,34,15870,Student,Tier2,Organic,2025-02-09,OTP_Verification,Completed,36,1680,761,0,0
1406,27,12732,Student,Tier3,Ads,2025-02-10,OTP_Verification,Completed,8,315,687,0,0
1407,22,24768,Freelancer,Tier3,Ads,2025-02-11,OTP_Verification,Completed,15,1595,731,0,0
1408,23,10555,Student,Tier2,Referral,2025-02-12,KYC,Completed,16,1495,616,0,0
1409,20,64371,Salaried,Tier1,Referral,2025-02-13,OTP_Verification,Completed,13,1046,657,0,0
1410,24,57887,Salaried,Tier1,Ads,2025-02-14,Completed,Completed,13,626,796,0,0
1411,32,62786,Salaried,Tier3,Referral,2025-02-15,OTP_Verification,Completed,22,1661,576,1,0
1412,29,61758,Salaried,Tier3,Organic,2025-02-16,KYC,Completed,26,1159,693,0,0
1413,20,45277,Freelancer,Tier1,Ads,2025-02-17,OTP_Verification,Completed,21,301,640,0,0
1414,24,41538,Freelancer,Tier2,Referral,2025-02-18,KYC,Dropped,26,1323,706,0,0
1415,20,30285,Salaried,Tier3,Ads,2025-02-19,KYC,Completed,9,1196,706,0,0
1416,33,34623,Salaried,Tier3,Ads,2025-02-20,KYC,Dropped,3,1674,667,0,0
1417,32,44518,Freelancer,Tier2,Organic,2025-02-21,Completed,Dropped,19,1550,617,0,0
1418,28,38697,Freelancer,Tier2,Ads,2025-02-22,OTP_Verification,Completed,38,1720,666,0,0
1419,25,60770,Salaried,Tier1,Organic,2025-02-23,KYC,Dropped,3,293,797,0,0
1420,24,27651,Freelancer,Tier2,Organic,2025-02-24,OTP_Verification,Dropped,5,805,610,0,0
1421,34,13772,Student,Tier1,Ads,2025-02-25,Completed,Completed,38,512,747,0,0
1422,28,8466,Student,Tier3,Referral,2025-02-26,Completed,Completed,38,675,638,0,0
1423,20,18620,Student,Tier1,Organic,2025-02-27,OTP_Verification,Dropped,4,1260,669,0,0
1424,34,51915,Salaried,Tier1,Referral,2025-02-28,KYC,Completed,21,1370,607,0,0
1425,30,49232,Freelancer,Tier2,Referral,2025-03-01,OTP_Verification,Dropped,15,1569,702,0,1
1426,34,28077,Freelancer,Tier2,Organic,2025-03-02,Completed,Dropped,18,879,608,0,0
1427,22,40709,Salaried,Tier2,Organic,2025-03-03,Completed,Completed,27,707,599,1,0
1428,28,27120,Freelancer,Tier2,Ads,2025-03-04,Completed,Completed,34,1667,678,0,0
1429,34,19296,Freelancer,Tier1,Organic,2025-03-05,OTP_Verification,Dropped,39,809,658,0,0
1430,25,11198,Student,Tier2,Organic,2025-03-06,KYC,Dropped,11,1364,557,1,0
1431,33,31061,Salaried,Tier2,Ads,2025-03-07,KYC,Completed,23,611,639,0,0
1432,25,58693,Salaried,Tier1,Referral,2025-03-08,Completed,Dropped,14,1984,631,0,0
1433,21,39871,Freelancer,Tier2,Organic,2025-03-09,OTP_Verification,Completed,2,1561,713,0,0
1434,31,18691,Freelancer,Tier3,Organic,2025-03-10,OTP_Verification,Dropped,10,684,573,1,0
1435,24,31802,Freelancer,Tier3,Referral,2025-03-11,KYC,Completed,30,726,779,0,1
1436,32,17748,Student,Tier3,Ads,2025-03-12,Completed,Dropped,8,510,585,1,0
1437,20,41177,Freelancer,Tier1,Ads,2025-03-13,OTP_Verification,Dropped,38,1339,761,0,0
1438,27,67528,Salaried,Tier2,Referral,2025-03-14,Completed,Completed,6,1117,602,0,0
1439,24,39424,Freelancer,Tier2,Ads,2025-03-15,OTP_Verification,Dropped,12,485,689,0,0
1440,20,49463,Freelancer,Tier3,Referral,2025-03-16,KYC,Dropped,27,709,614,0,0
1441,23,62038,Salaried,Tier3,Ads,2025-03-17,Completed,Dropped,21,1510,653,0,0
1442,28,13135,Student,Tier1,Ads,2025-03-18,KYC,Completed,5,790,681,0,0
1443,26,10388,Student,Tier3,Organic,2025-03-19,OTP_Verification,Completed,30,828,572,1,0
1444,25,51406,Salaried,Tier2,Organic,2025-03-20,OTP_Verification,Completed,15,818,565,1,0
1445,32,44606,Salaried,Tier2,Organic,2025-03-21,Completed,Dropped,25,1851,637,0,0
1446,20,22845,Freelancer,Tier2,Ads,2025-03-22,KYC,Completed,35,1783,792,0,0
1447,32,47182,Salaried,Tier2,Referral,2025-03-23,Completed,Dropped,12,986,582,1,0
1448,26,13713,Student,Tier3,Ads,2025-03-24,Completed,Completed,32,1474,760,0,0
1449,25,20579,Freelancer,Tier2,Referral,2025-03-25,KYC,Dropped,2,1259,777,0,0
1450,27,9491,Student,Tier3,Ads,2025-03-26,KYC,Completed,26,1557,561,1,0
1451,33,14893,Student,Tier2,Ads,2025-03-27,KYC,Dropped,12,1556,749,0,0
1452,32,36797,Freelancer,Tier2,Ads,2025-03-28,KYC,Completed,28,1747,775,0,0
1453,27,15904,Student,Tier2,Organic,2025-03-29,KYC,Dropped,5,1637,646,0,0
1454,20,14768,Student,Tier1,Referral,2025-03-30,OTP_Verification,Completed,12,1132,594,1,0
1455,26,40199,Salaried,Tier3,Ads,2025-03-31,KYC,Completed,23,992,796,0,0
1456,21,14258,Student,Tier3,Referral,2025-04-01,KYC,Dropped,6,939,687,0,0
1457,26,8880,Student,Tier3,Referral,2025-04-02,Completed,Completed,12,324,648,0,0
1458,34,56374,Salaried,Tier2,Organic,2025-04-03,Completed,Completed,17,1141,722,0,0
1459,28,44610,Freelancer,Tier1,Organic,2025-04-04,OTP_Verification,Dropped,23,260,637,0,0
1460,25,58304,Salaried,Tier3,Ads,2025-04-05,OTP_Verification,Dropped,14,923,604,0,0
1461,31,15247,Student,Tier1,Referral,2025-04-06,KYC,Completed,36,777,756,0,0
1462,30,23243,Freelancer,Tier3,Organic,2025-04-07,OTP_Verification,Completed,31,1895,730,0,0
1463,29,17668,Student,Tier1,Referral,2025-04-08,Completed,Dropped,20,1501,708,0,0
1464,25,18099,Freelancer,Tier1,Referral,2025-04-09,KYC,Dropped,30,729,706,0,0
1465,27,17512,Student,Tier3,Referral,2025-04-10,Completed,Completed,26,202,618,0,0
1466,24,15022,Student,Tier2,Organic,2025-04-11,OTP_Verification,Dropped,1,1305,576,1,0
1467,21,9518,Student,Tier2,Referral,2025-04-12,OTP_Verification,Dropped,21,563,691,0,0
1468,21,25180,Salaried,Tier2,Referral,2025-04-13,Completed,Completed,6,1696,593,1,0
1469,29,10481,Student,Tier3,Organic,2025-04-14,Completed,Completed,39,460,697,0,0
1470,20,21499,Freelancer,Tier3,Ads,2025-04-15,Completed,Completed,37,1942,713,0,0
1471,22,37154,Freelancer,Tier1,Ads,2025-04-16,OTP_Verification,Dropped,32,406,754,0,0
1472,30,43832,Freelancer,Tier1,Referral,2025-04-17,KYC,Completed,23,1294,589,1,0
1473,20,32574,Freelancer,Tier1,Referral,2025-04-18,KYC,Completed,18,429,714,0,0
1474,26,17154,Freelancer,Tier1,Referral,2025-04-19,Completed,Dropped,11,1899,550,1,0
1475,33,25861,Salaried,Tier3,Organic,2025-04-20,OTP_Verification,Completed,30,1352,716,0,0
1476,34,25108,Freelancer,Tier2,Organic,2025-04-21,KYC,Completed,26,797,664,0,0
1477,23,26846,Salaried,Tier1,Organic,2025-04-22,Completed,Dropped,10,423,627,0,0
1478,31,30186,Freelancer,Tier3,Ads,2025-04-23,KYC,Completed,4,938,793,0,0
1479,27,48133,Salaried,Tier1,Referral,2025-04-24,Completed,Completed,2,1845,557,1,0
1480,27,44452,Freelancer,Tier3,Ads,2025-04-25,OTP_Verification,Completed,3,1563,583,1,0
1481,27,12901,Student,Tier3,Organic,2025-04-26,Completed,Completed,4,1404,634,0,0
1482,34,57439,Salaried,Tier2,Ads,2025-04-27,OTP_Verification,Dropped,13,489,793,0,0
1483,23,58908,Salaried,Tier1,Referral,2025-04-28,KYC,Completed,3,454,599,1,0
1484,22,13500,Student,Tier3,Organic,2025-04-29,Completed,Dropped,27,822,753,0,0
1485,30,8633,Student,Tier1,Ads,2025-04-30,OTP_Verification,Dropped,14,201,667,0,0
1486,32,35312,Freelancer,Tier2,Ads,2025-05-01,OTP_Verification,Completed,13,527,710,0,0
1487,30,35989,Salaried,Tier2,Ads,2025-05-02,Completed,Dropped,25,490,674,0,0
1488,21,35017,Salaried,Tier2,Referral,2025-05-03,KYC,Completed,14,312,767,0,0
1489,28,46447,Salaried,Tier2,Ads,2025-05-04,OTP_Verification,Completed,24,332,677,0,0
1490,31,41150,Freelancer,Tier1,Organic,2025-05-05,KYC,Completed,4,1584,702,0,0
1491,34,65986,Salaried,Tier1,Referral,2025-05-06,Completed,Completed,27,930,749,0,0
1492,34,51775,Salaried,Tier3,Referral,2025-05-07,OTP_Verification,Completed,6,1692,729,0,0
1493,31,12463,Student,Tier2,Ads,2025-05-08,OTP_Verification,Completed,34,674,652,0,0
1494,20,32980,Salaried,Tier2,Referral,2025-05-09,OTP_Verification,Dropped,10,504,705,0,0
1495,20,43441,Salaried,Tier1,Referral,2025-05-10,Completed,Dropped,27,658,710,0,0
1496,34,40622,Freelancer,Tier1,Ads,2025-05-11,OTP_Verification,Completed,4,1689,633,0,0
1497,30,40681,Freelancer,Tier2,Ads,2025-05-12,Completed,Completed,14,979,761,0,0
1498,26,49290,Freelancer,Tier2,Referral,2025-05-13,KYC,Completed,21,386,585,1,0
1499,21,14121,Student,Tier3,Referral,2025-05-14,Completed,Completed,27,782,695,0,0
1500,34,67907,Salaried,Tier2,Organic,2025-05-15,KYC,Completed,19,715,696,0,0
1501,21,56156,Salaried,Tier3,Organic,2025-05-16,OTP_Verification,Dropped,19,1349,781,0,0
1502,33,24641,Freelancer,Tier2,Organic,2025-05-17,KYC,Completed,34,1321,657,0,0
1503,26,31797,Freelancer,Tier1,Ads,2025-05-18,KYC,Completed,1,1004,772,0,0
1504,20,11312,Student,Tier3,Ads,2025-05-19,KYC,Dropped,7,277,601,0,0
1505,34,8032,Student,Tier3,Referral,2025-05-20,OTP_Verification,Completed,21,264,561,1,0
1506,20,41307,Salaried,Tier3,Referral,2025-05-21,OTP_Verification,Dropped,35,483,787,0,0
1507,33,29987,Freelancer,Tier3,Organic,2025-05-22,Completed,Completed,30,424,784,0,1
1508,20,11617,Student,Tier3,Organic,2025-05-23,KYC,Dropped,29,1105,643,0,0
1509,21,13698,Student,Tier1,Referral,2025-05-24,Completed,Dropped,34,1641,771,0,0
1510,34,18284,Student,Tier1,Referral,2025-05-25,Completed,Completed,3,1547,626,0,0
1511,20,14993,Student,Tier3,Organic,2025-05-26,Completed,Completed,30,1847,750,0,0
1512,34,50139,Salaried,Tier1,Referral,2025-05-27,Completed,Completed,38,1297,754,0,0
1513,28,47643,Freelancer,Tier3,Ads,2025-05-28,Completed,Completed,27,206,631,0,0
1514,34,23862,Freelancer,Tier2,Ads,2025-05-29,KYC,Completed,14,868,573,1,0
1515,28,68828,Salaried,Tier3,Organic,2025-05-30,KYC,Completed,35,1939,705,0,0
1516,23,42400,Freelancer,Tier2,Referral,2025-05-31,KYC,Dropped,30,1653,799,0,0
1517,34,29739,Freelancer,Tier3,Referral,2025-06-01,KYC,Completed,23,1176,649,0,0
1518,26,27145,Freelancer,Tier1,Organic,2025-06-02,OTP_Verification,Dropped,12,1995,768,0,0
1519,34,25312,Freelancer,Tier1,Ads,2025-06-03,Completed,Completed,34,493,592,1,0
1520,34,8739,Student,Tier1,Referral,2025-06-04,KYC,Completed,14,1390,704,0,0
1521,23,24997,Freelancer,Tier2,Organic,2025-06-05,OTP_Verification,Dropped,26,1155,600,0,0
1522,32,9671,Student,Tier3,Ads,2025-06-06,KYC,Completed,16,1984,675,0,0
1523,33,39904,Freelancer,Tier2,Organic,2025-06-07,OTP_Verification,Completed,24,526,712,0,0
1524,28,32063,Salaried,Tier1,Referral,2025-06-08,Completed,Completed,39,1912,738,0,0
1525,31,15639,Student,Tier1,Referral,2025-06-09,Completed,Completed,13,1313,595,1,0
1526,29,32721,Salaried,Tier2,Organic,2025-06-10,Completed,Dropped,32,1867,619,0,0
1527,23,11744,Student,Tier2,Referral,2025-06-11,KYC,Completed,37,1067,728,0,0
1528,23,19290,Freelancer,Tier1,Organic,2025-06-12,OTP_Verification,Dropped,29,1123,590,1,1
1529,31,8858,Student,Tier2,Referral,2025-06-13,Completed,Dropped,26,1047,580,1,0
1530,20,18514,Student,Tier2,Ads,2025-06-14,OTP_Verification,Completed,21,864,552,1,0
1531,28,13403,Student,Tier2,Organic,2025-06-15,KYC,Completed,9,364,591,1,0
1532,28,14346,Student,Tier1,Organic,2025-06-16,OTP_Verification,Completed,1,1562,783,0,0
1533,26,12390,Student,Tier3,Ads,2025-06-17,Completed,Dropped,3,1071,778,0,0
1534,23,8723,Student,Tier3,Ads,2025-06-18,KYC,Dropped,26,1897,711,0,0
1535,25,36957,Salaried,Tier3,Ads,2025-06-19,KYC,Dropped,11,207,749,0,0
1536,32,42935,Freelancer,Tier1,Referral,2025-06-20,Completed,Completed,33,1042,695,0,0
1537,20,43505,Salaried,Tier2,Referral,2025-06-21,OTP_Verification,Completed,24,1344,642,0,0
1538,30,46589,Freelancer,Tier3,Ads,2025-06-22,KYC,Dropped,14,558,716,0,0
1539,33,54329,Salaried,Tier2,Ads,2025-06-23,KYC,Dropped,2,1783,585,1,0
1540,31,14349,Student,Tier3,Referral,2025-06-24,KYC,Completed,33,941,770,0,0
1541,23,49957,Freelancer,Tier3,Ads,2025-06-25,Completed,Completed,9,362,683,0,1
1542,24,11557,Student,Tier1,Referral,2025-06-26,KYC,Dropped,7,1682,644,0,0
1543,23,65591,Salaried,Tier1,Ads,2025-06-27,KYC,Completed,3,1516,659,0,0
1544,27,55034,Salaried,Tier1,Ads,2025-06-28,Completed,Completed,24,1929,669,0,0
1545,22,30463,Freelancer,Tier1,Organic,2025-06-29,Completed,Dropped,5,1283,711,0,0
1546,33,19852,Student,Tier3,Organic,2025-06-30,KYC,Dropped,2,1138,651,0,0
1547,30,40432,Salaried,Tier1,Ads,2025-07-01,KYC,Dropped,1,1284,789,0,0
1548,21,12406,Student,Tier1,Ads,2025-07-02,KYC,Completed,29,905,649,0,0
1549,30,31555,Freelancer,Tier3,Organic,2025-07-03,KYC,Completed,32,1715,572,1,0
1550,21,41504,Salaried,Tier3,Organic,2025-07-04,OTP_Verification,Completed,32,1193,551,1,0
1551,34,33714,Salaried,Tier1,Ads,2025-07-05,OTP_Verification,Completed,22,302,756,0,0
1552,22,40017,Salaried,Tier3,Organic,2025-07-06,OTP_Verification,Completed,27,1209,678,0,0
1553,31,44132,Freelancer,Tier3,Organic,2025-07-07,OTP_Verification,Dropped,39,1914,659,0,0
1554,33,45600,Salaried,Tier1,Ads,2025-07-08,OTP_Verification,Dropped,12,1265,598,1,0
1555,27,28583,Freelancer,Tier1,Referral,2025-07-09,Completed,Completed,26,1033,707,0,0
1556,22,8683,Student,Tier1,Organic,2025-07-10,KYC,Dropped,18,1700,629,0,0
1557,20,9691,Student,Tier2,Organic,2025-07-11,KYC,Dropped,23,1095,590,1,0
1558,25,19978,Student,Tier2,Ads,2025-07-12,Completed,Completed,25,1530,672,0,0
1559,33,33778,Salaried,Tier2,Organic,2025-07-13,OTP_Verification,Completed,14,967,716,0,0
1560,24,16047,Student,Tier3,Ads,2025-07-14,Completed,Dropped,25,1333,763,0,0
1561,26,34781,Freelancer,Tier1,Referral,2025-07-15,OTP_Verification,Dropped,14,1285,735,0,0
1562,28,48402,Freelancer,Tier1,Ads,2025-07-16,KYC,Dropped,33,256,721,0,0
1563,33,53202,Salaried,Tier1,Referral,2025-07-17,Completed,Completed,10,1549,774,0,0
1564,33,36873,Freelancer,Tier2,Organic,2025-07-18,Completed,Completed,6,447,715,0,0
1565,29,29999,Salaried,Tier3,Ads,2025-07-19,OTP_Verification,Completed,28,988,625,0,0
1566,26,38883,Salaried,Tier1,Referral,2025-07-20,KYC,Completed,35,1917,683,0,0
1567,25,55903,Salaried,Tier1,Organic,2025-07-21,OTP_Verification,Completed,5,1088,612,0,0
1568,32,45878,Freelancer,Tier1,Ads,2025-07-22,KYC,Completed,7,1479,730,0,0
1569,32,41302,Freelancer,Tier2,Referral,2025-07-23,Completed,Completed,13,529,794,0,0
1570,28,16785,Student,Tier2,Referral,2025-07-24,OTP_Verification,Completed,22,216,778,0,0
1571,31,26002,Freelancer,Tier3,Organic,2025-07-25,OTP_Verification,Dropped,1,1376,590,1,0
1572,24,18117,Freelancer,Tier3,Ads,2025-07-26,Completed,Completed,2,1895,747,0,0
1573,25,19078,Student,Tier1,Organic,2025-07-27,Completed,Dropped,11,789,758,0,0
1574,22,29680,Freelancer,Tier2,Ads,2025-07-28,Completed,Dropped,14,1221,639,0,0
1575,26,15823,Student,Tier2,Ads,2025-07-29,Completed,Completed,22,1945,574,1,0
1576,21,69046,Salaried,Tier1,Organic,2025-07-30,KYC,Completed,8,1478,628,0,0
1577,31,67284,Salaried,Tier3,Referral,2025-07-31,OTP_Verification,Completed,15,294,751,0,0
1578,25,14259,Student,Tier2,Ads,2025-08-01,OTP_Verification,Completed,15,1916,747,0,0
1579,23,53784,Salaried,Tier2,Organic,2025-08-02,Completed,Dropped,14,1852,596,1,0
1580,29,39650,Salaried,Tier2,Ads,2025-08-03,KYC,Completed,2,1677,618,0,0
1581,24,64460,Salaried,Tier3,Ads,2025-08-04,KYC,Dropped,8,1235,579,1,0
1582,34,61054,Salaried,Tier3,Ads,2025-08-05,KYC,Completed,29,1633,681,0,0
1583,32,58678,Salaried,Tier1,Organic,2025-08-06,KYC,Completed,13,1323,660,0,0
1584,23,8973,Student,Tier1,Ads,2025-08-07,OTP_Verification,Dropped,31,1345,728,0,0
1585,20,10777,Student,Tier3,Organic,2025-08-08,OTP_Verification,Completed,22,1361,650,0,0
1586,21,26095,Freelancer,Tier2,Organic,2025-08-09,Completed,Completed,3,1080,720,0,1
1587,27,35380,Freelancer,Tier2,Ads,2025-08-10,Completed,Dropped,21,532,647,0,0
1588,29,32459,Salaried,Tier3,Ads,2025-08-11,KYC,Dropped,11,1775,649,0,0
1589,25,35916,Freelancer,Tier2,Organic,2025-08-12,OTP_Verification,Completed,3,1134,793,0,0
1590,20,10956,Student,Tier2,Organic,2025-08-13,OTP_Verification,Completed,35,362,756,0,0
1591,27,46946,Salaried,Tier2,Organic,2025-08-14,OTP_Verification,Dropped,25,805,722,0,0
1592,28,44418,Salaried,Tier3,Referral,2025-08-15,KYC,Completed,23,718,725,0,0
1593,20,26110,Freelancer,Tier2,Organic,2025-08-16,KYC,Dropped,34,1176,753,0,0
1594,22,44257,Salaried,Tier1,Ads,2025-08-17,KYC,Completed,36,1183,725,0,0
1595,34,44358,Freelancer,Tier3,Organic,2025-08-18,Completed,Completed,35,1004,745,0,0
1596,29,15361,Student,Tier3,Referral,2025-08-19,Completed,Completed,21,1288,723,0,0
1597,21,47850,Freelancer,Tier1,Organic,2025-08-20,OTP_Verification,Completed,20,991,616,0,1
1598,29,30971,Salaried,Tier2,Ads,2025-08-21,KYC,Dropped,1,1892,756,0,0
1599,25,49581,Salaried,Tier2,Referral,2025-08-22,KYC,Completed,17,734,698,0,0
1600,21,29204,Salaried,Tier1,Referral,2025-08-23,Completed,Dropped,31,1015,758,0,0
1601,34,30832,Freelancer,Tier2,Organic,2025-08-24,Completed,Completed,25,750,633,0,0
1602,23,13183,Student,Tier1,Ads,2025-08-25,Completed,Completed,22,449,707,0,0
1603,27,18211,Student,Tier3,Referral,2025-08-26,KYC,Dropped,11,1191,640,0,0
1604,31,49820,Salaried,Tier2,Organic,2025-08-27,Completed,Completed,34,696,712,0,0
1605,21,62902,Salaried,Tier3,Ads,2025-08-28,Completed,Dropped,24,1675,552,1,0
1606,23,26228,Salaried,Tier1,Organic,2025-08-29,KYC,Dropped,19,1465,776,0,0
1607,22,18459,Freelancer,Tier2,Ads,2025-08-30,OTP_Verification,Completed,29,1265,704,0,0
1608,23,23109,Freelancer,Tier2,Ads,2025-08-31,Completed,Dropped,33,767,787,0,0
1609,31,14362,Student,Tier1,Referral,2025-09-01,KYC,Dropped,21,763,796,0,0
1610,25,22512,Freelancer,Tier1,Ads,2025-09-02,OTP_Verification,Dropped,3,1892,720,0,0
1611,20,65219,Salaried,Tier1,Organic,2025-09-03,Completed,Dropped,6,469,737,0,0
1612,21,27763,Freelancer,Tier3,Ads,2025-09-04,OTP_Verification,Dropped,22,1078,601,0,0
1613,21,19157,Student,Tier1,Referral,2025-09-05,OTP_Verification,Dropped,7,282,735,0,0
1614,26,27446,Freelancer,Tier1,Referral,2025-09-06,KYC,Completed,12,362,759,0,0
1615,33,32771,Salaried,Tier1,Organic,2025-09-07,KYC,Completed,32,1860,596,1,0
1616,26,69067,Salaried,Tier2,Organic,2025-09-08,Completed,Dropped,34,1240,676,0,0
1617,30,33314,Freelancer,Tier3,Organic,2025-09-09,KYC,Dropped,20,808,694,0,0
1618,21,10859,Student,Tier1,Referral,2025-09-10,Completed,Completed,11,551,658,0,0
1619,29,15609,Freelancer,Tier2,Ads,2025-09-11,Completed,Dropped,7,1300,572,1,0
1620,22,33603,Salaried,Tier1,Ads,2025-09-12,Completed,Dropped,33,240,751,0,0
1621,20,13203,Student,Tier3,Referral,2025-09-13,OTP_Verification,Dropped,37,1540,631,0,0
1622,24,46307,Freelancer,Tier1,Organic,2025-09-14,Completed,Completed,6,1386,665,0,0
1623,29,22279,Freelancer,Tier1,Ads,2025-09-15,OTP_Verification,Completed,1,966,607,0,0
1624,28,29330,Salaried,Tier3,Ads,2025-09-16,KYC,Completed,15,543,735,0,0
1625,24,13763,Student,Tier3,Organic,2025-09-17,Completed,Dropped,7,568,609,0,0
1626,33,19593,Student,Tier2,Referral,2025-09-18,KYC,Dropped,30,1878,695,0,0
1627,27,16329,Student,Tier1,Organic,2025-09-19,KYC,Dropped,5,1554,603,0,0
1628,24,24695,Freelancer,Tier2,Ads,2025-09-20,Completed,Completed,15,804,608,0,0
1629,31,29198,Freelancer,Tier1,Ads,2025-09-21,Completed,Completed,15,411,637,0,1
1630,20,15605,Freelancer,Tier1,Referral,2025-09-22,Completed,Dropped,14,1486,616,0,0
1631,23,60816,Salaried,Tier2,Ads,2025-09-23,OTP_Verification,Completed,37,333,653,0,0
1632,32,44650,Freelancer,Tier2,Ads,2025-09-24,OTP_Verification,Completed,4,1883,631,0,0
1633,29,42799,Freelancer,Tier3,Ads,2025-09-25,Completed,Completed,21,691,604,0,0
1634,33,61166,Salaried,Tier2,Ads,2025-09-26,Completed,Completed,38,1823,709,0,0
1635,27,30871,Salaried,Tier3,Organic,2025-09-27,KYC,Completed,4,1272,571,1,0
1636,32,64688,Salaried,Tier3,Referral,2025-09-28,KYC,Dropped,19,970,774,0,0
1637,22,40177,Freelancer,Tier2,Referral,2025-09-29,OTP_Verification,Dropped,23,1352,676,0,0
1638,33,10607,Student,Tier2,Ads,2025-09-30,Completed,Dropped,21,1565,550,1,0
1639,32,22961,Freelancer,Tier2,Organic,2025-10-01,OTP_Verification,Completed,14,1448,564,1,0
1640,29,27193,Salaried,Tier3,Ads,2025-10-02,Completed,Completed,17,1709,621,0,0
1641,34,12864,Student,Tier1,Referral,2025-10-03,OTP_Verification,Completed,6,560,781,0,0
1642,30,45623,Salaried,Tier1,Referral,2025-10-04,OTP_Verification,Completed,29,1384,613,0,0
1643,24,69442,Salaried,Tier1,Ads,2025-10-05,KYC,Dropped,4,1893,746,0,0
1644,32,58928,Salaried,Tier2,Organic,2025-10-06,Completed,Dropped,12,1423,702,0,0
1645,29,17320,Student,Tier3,Referral,2025-10-07,Completed,Dropped,8,348,656,0,0
1646,27,45488,Salaried,Tier3,Referral,2025-10-08,Completed,Completed,15,1183,704,0,0
1647,22,12333,Student,Tier2,Referral,2025-10-09,KYC,Completed,1,987,729,0,0
1648,33,9393,Student,Tier1,Referral,2025-10-10,KYC,Completed,20,1683,712,0,0
1649,21,12546,Student,Tier2,Organic,2025-10-11,Completed,Dropped,21,1962,745,0,0
1650,23,19518,Student,Tier3,Referral,2025-10-12,OTP_Verification,Completed,25,317,748,0,0
1651,29,32223,Freelancer,Tier2,Referral,2025-10-13,OTP_Verification,Completed,14,1853,747,0,0
1652,34,13757,Student,Tier3,Ads,2025-10-14,Completed,Completed,29,1435,768,0,0
1653,27,15745,Student,Tier2,Ads,2025-10-15,OTP_Verification,Completed,4,1191,611,0,0
1654,24,28053,Salaried,Tier1,Referral,2025-10-16,Completed,Dropped,32,1500,552,1,0
1655,30,47395,Freelancer,Tier2,Referral,2025-10-17,OTP_Verification,Dropped,14,1845,553,1,0
1656,21,8015,Student,Tier1,Organic,2025-10-18,OTP_Verification,Dropped,11,1195,662,0,0
1657,23,15156,Freelancer,Tier2,Ads,2025-10-19,OTP_Verification,Completed,36,836,760,0,0
1658,34,39426,Salaried,Tier1,Referral,2025-10-20,OTP_Verification,Completed,20,1332,784,0,0
1659,29,41819,Freelancer,Tier1,Organic,2025-10-21,Completed,Completed,12,1741,730,0,0
1660,31,56307,Salaried,Tier1,Referral,2025-10-22,Completed,Completed,13,1561,653,0,0
1661,23,64798,Salaried,Tier2,Ads,2025-10-23,KYC,Dropped,10,309,736,0,0
1662,29,63906,Salaried,Tier2,Ads,2025-10-24,OTP_Verification,Completed,7,1847,613,0,0
1663,20,10407,Student,Tier1,Referral,2025-10-25,OTP_Verification,Dropped,33,1968,599,1,0
1664,21,27388,Freelancer,Tier3,Referral,2025-10-26,OTP_Verification,Completed,17,518,599,1,0
1665,22,8521,Student,Tier3,Organic,2025-10-27,Completed,Completed,39,1800,640,0,0
1666,32,29029,Salaried,Tier2,Organic,2025-10-28,Completed,Dropped,25,1400,692,0,0
1667,22,62934,Salaried,Tier3,Organic,2025-10-29,KYC,Dropped,17,1530,671,0,0
1668,31,15865,Student,Tier1,Referral,2025-10-30,KYC,Completed,29,932,739,0,0
1669,20,68217,Salaried,Tier1,Ads,2025-10-31,OTP_Verification,Completed,27,309,604,0,0
1670,27,33113,Salaried,Tier1,Organic,2025-11-01,OTP_Verification,Completed,31,1138,746,0,0
1671,33,61930,Salaried,Tier3,Referral,2025-11-02,OTP_Verification,Completed,14,1754,782,0,0
1672,20,29410,Freelancer,Tier2,Referral,2025-11-03,OTP_Verification,Dropped,1,1984,595,1,0
1673,31,18090,Student,Tier2,Ads,2025-11-04,Completed,Completed,2,1196,608,0,0
1674,29,31691,Freelancer,Tier1,Organic,2025-11-05,KYC,Completed,11,831,649,0,0
1675,30,20178,Freelancer,Tier2,Ads,2025-11-06,KYC,Dropped,17,1590,634,0,1
1676,34,29069,Freelancer,Tier3,Organic,2025-11-07,Completed,Completed,17,1311,611,0,0
1677,29,68632,Salaried,Tier2,Referral,2025-11-08,OTP_Verification,Dropped,39,1007,566,1,0
1678,27,15040,Student,Tier1,Organic,2025-11-09,Completed,Completed,38,680,770,0,0
1679,29,16647,Freelancer,Tier1,Organic,2025-11-10,Completed,Completed,31,1252,615,0,0
1680,20,54791,Salaried,Tier3,Referral,2025-11-11,KYC,Completed,12,675,791,0,0
1681,30,8741,Student,Tier3,Referral,2025-11-12,OTP_Verification,Completed,22,1972,559,1,0
1682,25,23183,Freelancer,Tier2,Referral,2025-11-13,Completed,Completed,11,1202,639,0,0
1683,31,25539,Salaried,Tier3,Organic,2025-11-14,OTP_Verification,Dropped,37,934,757,0,0
1684,25,55047,Salaried,Tier2,Ads,2025-11-15,OTP_Verification,Dropped,30,1110,621,0,0
1685,33,44921,Freelancer,Tier2,Referral,2025-11-16,OTP_Verification,Completed,27,311,709,0,0
1686,21,57245,Salaried,Tier3,Referral,2025-11-17,OTP_Verification,Completed,29,1509,796,0,0
1687,24,9326,Student,Tier1,Referral,2025-11-18,Completed,Dropped,24,1208,724,0,0
1688,34,16966,Freelancer,Tier1,Referral,2025-11-19,OTP_Verification,Completed,18,1156,680,0,0
1689,24,13614,Student,Tier3,Organic,2025-11-20,KYC,Dropped,29,897,760,0,0
1690,24,18272,Student,Tier3,Referral,2025-11-21,Completed,Dropped,4,338,734,0,0
1691,24,42739,Freelancer,Tier2,Ads,2025-11-22,KYC,Dropped,16,1758,689,0,0
1692,33,28487,Freelancer,Tier3,Organic,2025-11-23,KYC,Completed,19,790,770,0,0
1693,22,46954,Freelancer,Tier2,Ads,2025-11-24,Completed,Completed,36,1549,754,0,0
1694,26,27557,Freelancer,Tier1,Organic,2025-11-25,OTP_Verification,Dropped,33,1999,676,0,0
1695,24,68411,Salaried,Tier1,Referral,2025-11-26,OTP_Verification,Dropped,11,1351,559,1,0
1696,24,39001,Salaried,Tier2,Organic,2025-11-27,KYC,Dropped,2,1638,705,0,0
1697,22,39718,Salaried,Tier2,Organic,2025-11-28,OTP_Verification,Completed,17,1221,694,0,0
1698,24,48251,Freelancer,Tier3,Organic,2025-11-29,OTP_Verification,Dropped,6,239,775,0,0
1699,21,18150,Student,Tier1,Referral,2025-11-30,Completed,Dropped,26,1224,733,0,0
1700,28,15165,Student,Tier2,Organic,2025-12-01,OTP_Verification,Completed,18,1988,659,0,0
1701,34,8130,Student,Tier3,Referral,2025-12-02,Completed,Completed,2,288,773,0,0
1702,26,36186,Freelancer,Tier2,Referral,2025-12-03,KYC,Dropped,39,665,585,1,0
1703,28,49600,Freelancer,Tier1,Referral,2025-12-04,Completed,Completed,14,274,708,0,0
1704,27,68358,Salaried,Tier3,Referral,2025-12-05,Completed,Completed,11,671,678,0,0
1705,21,16576,Student,Tier3,Ads,2025-12-06,KYC,Dropped,28,801,604,0,0
1706,31,8735,Student,Tier1,Ads,2025-12-07,Completed,Completed,35,958,646,0,0
1707,31,9457,Student,Tier2,Ads,2025-12-08,KYC,Dropped,4,1272,750,0,0
1708,23,19085,Student,Tier1,Referral,2025-12-09,OTP_Verification,Completed,1,835,725,0,0
1709,30,25945,Salaried,Tier3,Referral,2025-12-10,Completed,Dropped,6,933,691,0,0
1710,32,46627,Salaried,Tier2,Ads,2025-12-11,OTP_Verification,Completed,8,969,571,1,0
1711,21,15486,Student,Tier3,Referral,2025-12-12,OTP_Verification,Completed,30,735,723,0,0
1712,29,25268,Salaried,Tier3,Ads,2025-12-13,OTP_Verification,Dropped,25,813,685,0,0
1713,33,58135,Salaried,Tier1,Referral,2025-12-14,KYC,Dropped,2,1548,773,0,0
1714,34,40324,Salaried,Tier2,Organic,2025-12-15,KYC,Dropped,35,734,605,0,0
1715,27,13552,Student,Tier1,Referral,2025-12-16,Completed,Dropped,6,1690,560,1,0
1716,24,11837,Student,Tier3,Organic,2025-12-17,Completed,Completed,36,1979,647,0,0
1717,23,11932,Student,Tier1,Organic,2025-12-18,OTP_Verification,Completed,17,1308,564,1,0
1718,33,40070,Salaried,Tier1,Organic,2025-12-19,OTP_Verification,Completed,39,1414,746,0,0
1719,30,17233,Freelancer,Tier1,Organic,2025-12-20,OTP_Verification,Completed,31,462,747,0,0
1720,22,48942,Salaried,Tier3,Referral,2025-12-21,KYC,Completed,7,1393,729,0,0
1721,21,31949,Freelancer,Tier3,Ads,2025-12-22,KYC,Dropped,35,1987,728,0,1
1722,24,16799,Student,Tier2,Ads,2025-12-23,Completed,Dropped,39,843,707,0,0
1723,27,40475,Salaried,Tier2,Referral,2025-12-24,Completed,Completed,25,1206,610,0,0
1724,27,37882,Freelancer,Tier1,Ads,2025-12-25,KYC,Completed,9,1780,732,0,0
1725,31,48621,Salaried,Tier3,Organic,2025-12-26,KYC,Dropped,8,460,695,0,0
1726,28,54002,Salaried,Tier2,Organic,2025-12-27,OTP_Verification,Completed,31,1511,568,1,0
1727,20,48152,Salaried,Tier3,Organic,2025-12-28,KYC,Completed,23,1093,608,0,0
1728,32,53801,Salaried,Tier3,Referral,2025-12-29,Completed,Completed,28,1703,574,1,0
1729,29,14409,Student,Tier3,Referral,2025-12-30,KYC,Completed,3,1839,628,0,0
1730,31,19963,Student,Tier1,Referral,2025-12-31,OTP_Verification,Dropped,9,1397,627,0,0
1731,29,9412,Student,Tier3,Ads,2026-01-01,Completed,Completed,19,823,789,0,0
1732,27,27625,Salaried,Tier3,Organic,2026-01-02,Completed,Completed,24,1682,754,0,0
1733,26,61199,Salaried,Tier2,Ads,2026-01-03,OTP_Verification,Dropped,27,405,681,0,0
1734,28,28283,Freelancer,Tier3,Organic,2026-01-04,Completed,Completed,30,1001,574,1,0
1735,32,41671,Freelancer,Tier1,Organic,2026-01-05,Completed,Completed,33,1498,652,0,0
1736,24,25834,Salaried,Tier2,Organic,2026-01-06,OTP_Verification,Dropped,2,1785,690,0,0
1737,32,32780,Freelancer,Tier3,Ads,2026-01-07,OTP_Verification,Completed,14,707,578,1,0
1738,24,21429,Freelancer,Tier2,Referral,2026-01-08,OTP_Verification,Completed,20,650,594,1,0
1739,21,23736,Freelancer,Tier1,Organic,2026-01-09,Completed,Completed,8,485,770,0,0
1740,29,41941,Freelancer,Tier2,Referral,2026-01-10,Completed,Dropped,14,510,678,0,0
1741,21,44631,Freelancer,Tier2,Organic,2026-01-11,Completed,Completed,21,465,714,0,0
1742,31,49826,Salaried,Tier2,Organic,2026-01-12,KYC,Dropped,31,792,569,1,0
1743,32,47702,Salaried,Tier3,Organic,2026-01-13,Completed,Completed,34,1021,691,0,0
1744,23,13917,Student,Tier3,Ads,2026-01-14,KYC,Completed,14,819,687,0,0
1745,22,59774,Salaried,Tier3,Referral,2026-01-15,Completed,Dropped,34,813,616,0,0
1746,20,13145,Student,Tier3,Referral,2026-01-16,KYC,Dropped,2,1344,592,1,0
1747,31,10930,Student,Tier1,Ads,2026-01-17,KYC,Completed,39,574,766,0,0
1748,21,26302,Salaried,Tier1,Referral,2026-01-18,Completed,Dropped,28,329,634,0,0
1749,34,13120,Student,Tier1,Ads,2026-01-19,Completed,Completed,12,1293,624,0,0
1750,34,16899,Student,Tier1,Referral,2026-01-20,KYC,Dropped,32,1165,655,0,0
1751,33,17107,Student,Tier1,Referral,2026-01-21,KYC,Completed,15,1992,554,1,0
1752,31,66946,Salaried,Tier1,Referral,2026-01-22,KYC,Completed,39,1599,581,1,0
1753,28,40486,Freelancer,Tier3,Referral,2026-01-23,Completed,Completed,22,1286,633,0,0
1754,34,17863,Freelancer,Tier1,Referral,2026-01-24,Completed,Dropped,4,637,780,0,0
1755,21,33635,Salaried,Tier2,Organic,2026-01-25,OTP_Verification,Completed,22,1883,566,1,0
1756,33,48899,Salaried,Tier2,Organic,2026-01-26,KYC,Dropped,6,224,716,0,0
1757,24,16276,Student,Tier1,Ads,2026-01-27,Completed,Dropped,24,574,766,0,0
1758,21,41837,Freelancer,Tier3,Referral,2026-01-28,KYC,Dropped,28,928,773,0,0
1759,32,20806,Freelancer,Tier3,Referral,2026-01-29,OTP_Verification,Completed,25,366,637,0,0
1760,32,44756,Salaried,Tier3,Organic,2026-01-30,KYC,Completed,15,201,765,0,0
1761,21,9570,Student,Tier1,Referral,2026-01-31,OTP_Verification,Completed,26,971,606,0,0
1762,32,21236,Freelancer,Tier1,Referral,2026-02-01,OTP_Verification,Completed,15,454,627,0,0
1763,25,52732,Salaried,Tier3,Referral,2026-02-02,Completed,Completed,36,1931,753,0,0
1764,21,31098,Freelancer,Tier2,Referral,2026-02-03,OTP_Verification,Dropped,34,1007,789,0,0
1765,34,56914,Salaried,Tier1,Organic,2026-02-04,KYC,Completed,20,1746,714,0,0
1766,29,14380,Student,Tier1,Referral,2026-02-05,KYC,Dropped,38,469,780,0,0
1767,32,33022,Salaried,Tier1,Organic,2026-02-06,OTP_Verification,Completed,14,640,708,0,0
1768,31,41792,Freelancer,Tier1,Referral,2026-02-07,KYC,Completed,14,715,615,0,0
1769,32,16097,Student,Tier3,Organic,2026-02-08,Completed,Completed,16,1613,551,1,0
1770,30,9590,Student,Tier1,Ads,2026-02-09,Completed,Completed,35,600,630,0,0
1771,21,42165,Freelancer,Tier1,Organic,2026-02-10,Completed,Dropped,14,1922,685,0,0
1772,34,11533,Student,Tier2,Ads,2026-02-11,OTP_Verification,Completed,22,1324,565,1,0
1773,26,23894,Freelancer,Tier2,Ads,2026-02-12,KYC,Completed,27,1219,694,0,0
1774,23,69075,Salaried,Tier1,Ads,2026-02-13,Completed,Completed,9,1616,563,1,0
1775,23,59670,Salaried,Tier3,Organic,2026-02-14,KYC,Dropped,37,1087,625,0,0
1776,23,51889,Salaried,Tier1,Referral,2026-02-15,Completed,Dropped,6,808,590,1,0
1777,22,51030,Salaried,Tier2,Organic,2026-02-16,OTP_Verification,Completed,23,1974,778,0,0
1778,24,15329,Student,Tier2,Referral,2026-02-17,Completed,Completed,34,1252,670,0,0
1779,23,56315,Salaried,Tier1,Referral,2026-02-18,KYC,Completed,33,1896,590,1,0
1780,28,45463,Freelancer,Tier1,Referral,2026-02-19,KYC,Completed,28,1201,712,0,0
1781,23,50874,Salaried,Tier2,Organic,2026-02-20,KYC,Completed,36,1060,600,0,0
1782,23,47242,Freelancer,Tier3,Ads,2026-02-21,KYC,Dropped,4,1258,648,0,0
1783,34,11912,Student,Tier3,Referral,2026-02-22,KYC,Completed,13,1014,622,0,0
1784,31,53365,Salaried,Tier1,Organic,2026-02-23,OTP_Verification,Completed,19,1419,746,0,0
1785,26,8218,Student,Tier3,Ads,2026-02-24,Completed,Completed,33,1711,740,0,0
1786,26,18160,Student,Tier1,Referral,2026-02-25,KYC,Completed,9,1556,618,0,0
1787,32,62474,Salaried,Tier2,Organic,2026-02-26,OTP_Verification,Completed,4,1571,739,0,0
1788,32,45682,Freelancer,Tier2,Organic,2026-02-27,KYC,Completed,25,1225,727,0,0
1789,23,11571,Student,Tier3,Referral,2026-02-28,Completed,Dropped,32,1420,702,0,0
1790,34,22654,Freelancer,Tier2,Organic,2026-03-01,KYC,Dropped,25,1680,731,0,0
1791,33,15016,Student,Tier1,Referral,2026-03-02,KYC,Completed,13,1477,754,0,0
1792,30,20895,Freelancer,Tier2,Referral,2026-03-03,OTP_Verification,Completed,15,624,705,0,0
1793,23,29326,Freelancer,Tier3,Referral,2026-03-04,Completed,Dropped,4,399,745,0,0
1794,29,55797,Salaried,Tier1,Ads,2026-03-05,OTP_Verification,Dropped,3,638,685,0,0
1795,30,20725,Freelancer,Tier3,Referral,2026-03-06,OTP_Verification,Completed,35,827,749,0,1
1796,21,12690,Student,Tier2,Organic,2026-03-07,Completed,Dropped,23,468,604,0,0
1797,22,11151,Student,Tier3,Ads,2026-03-08,OTP_Verification,Dropped,35,1391,785,0,0
1798,34,46476,Salaried,Tier3,Organic,2026-03-09,Completed,Completed,15,1877,704,0,0
1799,33,68390,Salaried,Tier2,Organic,2026-03-10,OTP_Verification,Dropped,8,579,666,0,0
1800,32,41445,Freelancer,Tier1,Organic,2026-03-11,Completed,Completed,22,406,626,0,0
1801,27,12486,Student,Tier3,Organic,2026-03-12,KYC,Completed,14,485,729,0,0
1802,27,42770,Freelancer,Tier2,Referral,2026-03-13,Completed,Dropped,20,1912,790,0,0
1803,20,11549,Student,Tier3,Referral,2026-03-14,KYC,Dropped,15,1334,767,0,0
1804,20,37053,Salaried,Tier1,Ads,2026-03-15,OTP_Verification,Completed,14,489,553,1,0
1805,32,16644,Student,Tier1,Referral,2026-03-16,OTP_Verification,Completed,21,846,554,1,0
1806,20,59003,Salaried,Tier1,Referral,2026-03-17,KYC,Dropped,6,1101,616,0,0
1807,31,18872,Student,Tier1,Organic,2026-03-18,Completed,Dropped,31,355,750,0,0
1808,32,13925,Student,Tier1,Ads,2026-03-19,OTP_Verification,Dropped,16,831,683,0,0
1809,30,18890,Freelancer,Tier3,Ads,2026-03-20,OTP_Verification,Completed,6,360,552,1,0
1810,30,10317,Student,Tier3,Referral,2026-03-21,KYC,Completed,11,550,569,1,0
1811,32,23269,Freelancer,Tier1,Organic,2026-03-22,Completed,Completed,14,1082,779,0,0
1812,30,26521,Freelancer,Tier2,Ads,2026-03-23,KYC,Dropped,15,1788,685,0,0
1813,27,16732,Freelancer,Tier3,Referral,2026-03-24,KYC,Dropped,18,1117,737,0,0
1814,24,22065,Freelancer,Tier1,Referral,2026-03-25,Completed,Completed,20,1129,663,0,0
1815,31,33957,Salaried,Tier2,Ads,2026-03-26,KYC,Dropped,31,1765,742,0,0
1816,30,40227,Freelancer,Tier3,Ads,2026-03-27,KYC,Dropped,22,1186,771,0,0
1817,34,27008,Salaried,Tier2,Ads,2026-03-28,KYC,Completed,26,696,762,0,0
1818,33,15297,Student,Tier2,Ads,2026-03-29,OTP_Verification,Completed,22,1206,577,1,0
1819,25,32678,Freelancer,Tier3,Organic,2026-03-30,KYC,Dropped,21,588,569,1,0
1820,20,30876,Freelancer,Tier2,Ads,2026-03-31,KYC,Completed,17,1849,788,0,0
1821,23,29991,Freelancer,Tier3,Organic,2026-04-01,KYC,Completed,8,1053,675,0,0
1822,31,22615,Freelancer,Tier1,Ads,2026-04-02,OTP_Verification,Completed,9,1198,706,0,0
1823,24,9921,Student,Tier2,Referral,2026-04-03,KYC,Dropped,23,875,674,0,0
1824,20,25647,Salaried,Tier1,Referral,2026-04-04,KYC,Completed,17,1818,575,1,0
1825,24,20687,Freelancer,Tier2,Referral,2026-04-05,Completed,Dropped,39,1882,644,0,0
1826,22,14691,Student,Tier1,Referral,2026-04-06,KYC,Completed,33,677,682,0,0
1827,31,18787,Student,Tier1,Referral,2026-04-07,KYC,Completed,6,687,696,0,0
1828,26,11088,Student,Tier2,Referral,2026-04-08,OTP_Verification,Dropped,33,526,656,0,0
1829,30,33065,Freelancer,Tier3,Referral,2026-04-09,OTP_Verification,Dropped,19,1788,608,0,0
1830,29,40215,Salaried,Tier2,Organic,2026-04-10,OTP_Verification,Completed,33,1753,611,0,0
1831,32,54913,Salaried,Tier2,Referral,2026-04-11,OTP_Verification,Dropped,34,1864,560,1,0
1832,33,14586,Student,Tier3,Referral,2026-04-12,OTP_Verification,Completed,2,674,572,1,0
1833,25,38013,Freelancer,Tier2,Referral,2026-04-13,KYC,Dropped,6,744,618,0,0
1834,26,18983,Student,Tier1,Referral,2026-04-14,Completed,Completed,33,1459,632,0,0
1835,24,43709,Freelancer,Tier3,Referral,2026-04-15,OTP_Verification,Dropped,29,364,565,1,0
1836,33,35342,Freelancer,Tier2,Referral,2026-04-16,OTP_Verification,Dropped,4,814,680,0,0
1837,30,59976,Salaried,Tier1,Ads,2026-04-17,OTP_Verification,Completed,21,501,736,0,0
1838,34,16102,Freelancer,Tier2,Organic,2026-04-18,Completed,Dropped,6,1953,692,0,0
1839,30,31529,Freelancer,Tier3,Referral,2026-04-19,OTP_Verification,Completed,32,810,586,1,0
1840,26,15332,Student,Tier3,Organic,2026-04-20,OTP_Verification,Completed,4,724,680,0,0
1841,22,39977,Salaried,Tier1,Referral,2026-04-21,Completed,Dropped,34,900,755,0,0
1842,27,25583,Freelancer,Tier1,Referral,2026-04-22,KYC,Dropped,10,726,617,0,0
1843,34,19912,Student,Tier3,Referral,2026-04-23,OTP_Verification,Dropped,9,1510,730,0,0
1844,31,39561,Freelancer,Tier3,Referral,2026-04-24,KYC,Completed,14,956,793,0,0
1845,33,19753,Student,Tier1,Ads,2026-04-25,KYC,Dropped,7,642,708,0,0
1846,34,17950,Student,Tier2,Ads,2026-04-26,OTP_Verification,Completed,6,1267,590,1,0
1847,24,19707,Student,Tier1,Referral,2026-04-27,KYC,Completed,31,317,595,1,0
1848,23,48399,Salaried,Tier3,Referral,2026-04-28,KYC,Completed,7,481,572,1,0
1849,32,15360,Student,Tier3,Ads,2026-04-29,OTP_Verification,Completed,14,1719,577,1,0
1850,30,11427,Student,Tier3,Organic,2026-04-30,KYC,Completed,27,1398,683,0,0
1851,28,43698,Salaried,Tier1,Organic,2026-05-01,OTP_Verification,Dropped,11,970,627,0,0
1852,21,54131,Salaried,Tier2,Ads,2026-05-02,Completed,Completed,25,1833,557,1,0
1853,33,11250,Student,Tier2,Ads,2026-05-03,OTP_Verification,Dropped,4,1746,645,0,0
1854,27,46916,Salaried,Tier3,Ads,2026-05-04,KYC,Dropped,4,1870,571,1,0
1855,31,14245,Student,Tier2,Ads,2026-05-05,KYC,Dropped,1,395,603,0,0
1856,21,55702,Salaried,Tier2,Referral,2026-05-06,Completed,Completed,16,911,727,0,0
1857,28,35367,Salaried,Tier1,Referral,2026-05-07,OTP_Verification,Dropped,10,1146,618,0,0
1858,23,56160,Salaried,Tier1,Ads,2026-05-08,OTP_Verification,Dropped,22,1788,606,0,0
1859,22,49134,Salaried,Tier1,Referral,2026-05-09,OTP_Verification,Completed,3,465,776,0,0
1860,27,49046,Freelancer,Tier2,Referral,2026-05-10,KYC,Completed,6,1277,710,0,0
1861,26,48602,Salaried,Tier3,Ads,2026-05-11,Completed,Completed,7,842,776,0,0
1862,23,42189,Freelancer,Tier3,Ads,2026-05-12,OTP_Verification,Dropped,9,1093,597,1,0
1863,28,19925,Student,Tier2,Organic,2026-05-13,KYC,Dropped,32,1737,779,0,0
1864,25,19094,Student,Tier2,Ads,2026-05-14,KYC,Dropped,14,1432,688,0,0
1865,25,16861,Student,Tier3,Ads,2026-05-15,OTP_Verification,Dropped,10,851,600,0,0
1866,31,13461,Student,Tier1,Ads,2026-05-16,OTP_Verification,Completed,28,1998,765,0,0
1867,29,9878,Student,Tier2,Referral,2026-05-17,Completed,Dropped,36,1149,552,1,0
1868,20,36943,Salaried,Tier1,Referral,2026-05-18,KYC,Dropped,25,644,597,1,0
1869,25,23760,Freelancer,Tier2,Organic,2026-05-19,OTP_Verification,Completed,19,1897,701,0,0
1870,28,17396,Freelancer,Tier3,Organic,2026-05-20,Completed,Dropped,3,328,763,0,0
1871,21,18051,Student,Tier1,Referral,2026-05-21,OTP_Verification,Dropped,28,1746,671,0,0
1872,34,15777,Freelancer,Tier1,Organic,2026-05-22,OTP_Verification,Dropped,11,720,739,0,0
1873,29,49460,Freelancer,Tier3,Referral,2026-05-23,Completed,Dropped,26,1445,683,0,0
1874,22,32824,Salaried,Tier2,Organic,2026-05-24,OTP_Verification,Completed,25,1001,574,1,0
1875,22,35802,Freelancer,Tier3,Organic,2026-05-25,KYC,Dropped,16,357,765,0,0
1876,24,42298,Freelancer,Tier1,Organic,2026-05-26,KYC,Completed,10,750,638,0,0
1877,23,62310,Salaried,Tier3,Ads,2026-05-27,OTP_Verification,Dropped,37,515,589,1,0
1878,29,9344,Student,Tier3,Referral,2026-05-28,KYC,Completed,1,398,593,1,0
1879,20,18620,Student,Tier1,Ads,2026-05-29,Completed,Completed,2,851,676,0,0
1880,27,56457,Salaried,Tier3,Referral,2026-05-30,KYC,Completed,9,1715,670,0,0
1881,29,13659,Student,Tier1,Referral,2026-05-31,Completed,Dropped,6,749,735,0,0
1882,33,57937,Salaried,Tier1,Organic,2026-06-01,Completed,Dropped,12,1518,560,1,0
1883,26,33684,Freelancer,Tier1,Organic,2026-06-02,OTP_Verification,Dropped,2,479,701,0,0
1884,26,36670,Freelancer,Tier3,Organic,2026-06-03,OTP_Verification,Completed,12,564,776,0,0
1885,30,44452,Freelancer,Tier2,Organic,2026-06-04,Completed,Completed,38,453,752,0,0
1886,25,24401,Freelancer,Tier3,Referral,2026-06-05,KYC,Completed,39,659,697,0,0
1887,28,16761,Freelancer,Tier2,Ads,2026-06-06,Completed,Completed,22,1195,628,0,0
1888,26,31734,Salaried,Tier1,Organic,2026-06-07,Completed,Completed,35,1214,641,0,0
1889,29,19893,Student,Tier1,Ads,2026-06-08,KYC,Dropped,7,1668,685,0,0
1890,34,26625,Freelancer,Tier3,Ads,2026-06-09,KYC,Completed,20,869,766,0,1
1891,34,16059,Student,Tier3,Ads,2026-06-10,KYC,Completed,11,1287,614,0,0
1892,23,15885,Student,Tier2,Organic,2026-06-11,KYC,Dropped,36,234,687,0,0
1893,29,22776,Freelancer,Tier2,Ads,2026-06-12,OTP_Verification,Completed,34,1112,671,0,0
1894,32,11391,Student,Tier2,Organic,2026-06-13,KYC,Completed,30,1111,567,1,0
1895,34,13643,Student,Tier2,Referral,2026-06-14,KYC,Completed,1,1755,772,0,0
1896,21,40505,Salaried,Tier3,Ads,2026-06-15,OTP_Verification,Dropped,33,1238,651,0,0
1897,31,24289,Freelancer,Tier3,Ads,2026-06-16,KYC,Completed,4,842,793,0,0
1898,29,30724,Freelancer,Tier3,Organic,2026-06-17,Completed,Completed,13,723,689,0,0
1899,24,41968,Freelancer,Tier2,Ads,2026-06-18,OTP_Verification,Dropped,24,975,657,0,0
1900,27,17763,Freelancer,Tier2,Ads,2026-06-19,KYC,Completed,39,1417,677,0,0
1901,22,8179,Student,Tier1,Organic,2026-06-20,OTP_Verification,Dropped,9,1823,735,0,0
1902,27,8165,Student,Tier2,Organic,2026-06-21,Completed,Dropped,3,743,670,0,0
1903,20,8389,Student,Tier3,Referral,2026-06-22,KYC,Dropped,6,1346,683,0,0
1904,33,27203,Freelancer,Tier1,Organic,2026-06-23,OTP_Verification,Completed,13,951,797,0,0
1905,34,28509,Freelancer,Tier1,Ads,2026-06-24,Completed,Dropped,26,399,761,0,0
1906,21,8923,Student,Tier2,Referral,2026-06-25,OTP_Verification,Completed,15,1695,696,0,0
1907,28,36124,Freelancer,Tier2,Referral,2026-06-26,Completed,Dropped,29,897,743,0,1
1908,28,13200,Student,Tier1,Referral,2026-06-27,Completed,Completed,12,553,662,0,0
1909,31,13623,Student,Tier1,Ads,2026-06-28,OTP_Verification,Completed,10,1751,644,0,0
1910,20,46281,Freelancer,Tier2,Ads,2026-06-29,Completed,Dropped,18,960,764,0,0
1911,21,47694,Salaried,Tier3,Organic,2026-06-30,OTP_Verification,Dropped,29,865,590,1,0
1912,33,15398,Student,Tier1,Ads,2026-07-01,KYC,Dropped,30,1457,767,0,0
1913,31,48756,Freelancer,Tier1,Referral,2026-07-02,KYC,Completed,5,621,638,0,1
1914,26,69384,Salaried,Tier2,Ads,2026-07-03,KYC,Completed,8,808,660,0,0
1915,29,40325,Freelancer,Tier3,Ads,2026-07-04,KYC,Dropped,39,779,575,1,0
1916,21,19496,Freelancer,Tier2,Referral,2026-07-05,KYC,Dropped,19,1686,658,0,0
1917,31,33395,Freelancer,Tier3,Ads,2026-07-06,KYC,Dropped,8,209,632,0,0
1918,29,14476,Student,Tier3,Organic,2026-07-07,Completed,Completed,8,1271,702,0,0
1919,34,31122,Freelancer,Tier1,Ads,2026-07-08,OTP_Verification,Dropped,30,651,768,0,0
1920,33,60213,Salaried,Tier3,Ads,2026-07-09,OTP_Verification,Dropped,25,1370,718,0,0
1921,22,18952,Student,Tier1,Ads,2026-07-10,OTP_Verification,Completed,18,383,550,1,0
1922,32,41349,Freelancer,Tier2,Organic,2026-07-11,OTP_Verification,Completed,39,894,747,0,0
1923,27,19731,Freelancer,Tier2,Organic,2026-07-12,Completed,Completed,34,412,670,0,0
1924,32,48031,Salaried,Tier3,Ads,2026-07-13,Completed,Completed,30,245,707,0,0
1925,33,8354,Student,Tier3,Ads,2026-07-14,KYC,Completed,7,1513,652,0,0
1926,23,43686,Freelancer,Tier3,Referral,2026-07-15,Completed,Dropped,14,497,751,0,0
1927,31,18182,Student,Tier1,Ads,2026-07-16,OTP_Verification,Completed,7,1026,718,0,0
1928,24,17761,Freelancer,Tier3,Ads,2026-07-17,KYC,Completed,6,1140,579,1,0
1929,32,62771,Salaried,Tier1,Referral,2026-07-18,KYC,Completed,5,1939,735,0,0
1930,28,15647,Student,Tier2,Ads,2026-07-19,Completed,Completed,18,938,618,0,0
1931,33,26217,Freelancer,Tier3,Organic,2026-07-20,KYC,Dropped,22,239,633,0,0
1932,34,12223,Student,Tier1,Organic,2026-07-21,KYC,Completed,9,1393,663,0,0
1933,24,11655,Student,Tier1,Referral,2026-07-22,KYC,Dropped,38,1467,565,1,0
1934,22,46035,Freelancer,Tier3,Referral,2026-07-23,OTP_Verification,Dropped,12,883,551,1,0
1935,21,16404,Student,Tier2,Referral,2026-07-24,OTP_Verification,Completed,27,675,638,0,0
1936,34,19866,Student,Tier2,Referral,2026-07-25,Completed,Dropped,20,636,648,0,0
1937,24,29005,Salaried,Tier2,Organic,2026-07-26,OTP_Verification,Completed,29,898,613,0,0
1938,22,27138,Freelancer,Tier1,Organic,2026-07-27,KYC,Dropped,35,1315,764,0,0
1939,31,9481,Student,Tier1,Organic,2026-07-28,KYC,Dropped,31,1756,577,1,0
1940,28,11275,Student,Tier2,Organic,2026-07-29,KYC,Dropped,9,1172,627,0,0
1941,27,40934,Freelancer,Tier2,Ads,2026-07-30,Completed,Dropped,6,805,573,1,0
1942,24,19666,Student,Tier1,Ads,2026-07-31,Completed,Dropped,34,530,751,0,0
1943,27,47524,Freelancer,Tier2,Referral,2026-08-01,KYC,Completed,5,403,638,0,0
1944,25,58816,Salaried,Tier2,Referral,2026-08-02,OTP_Verification,Dropped,35,880,562,1,0
1945,28,48206,Freelancer,Tier2,Ads,2026-08-03,Completed,Completed,2,1184,750,0,1
1946,23,34521,Salaried,Tier3,Ads,2026-08-04,KYC,Dropped,39,336,570,1,0
1947,34,48169,Freelancer,Tier2,Organic,2026-08-05,KYC,Completed,19,1230,758,0,0
1948,33,14319,Student,Tier1,Organic,2026-08-06,Completed,Completed,4,421,582,1,0
1949,30,19152,Student,Tier3,Organic,2026-08-07,KYC,Completed,12,704,788,0,0
1950,29,49401,Salaried,Tier1,Referral,2026-08-08,KYC,Completed,16,294,559,1,0
1951,20,13875,Student,Tier3,Ads,2026-08-09,KYC,Dropped,15,1450,610,0,0
1952,29,15967,Student,Tier3,Organic,2026-08-10,KYC,Dropped,2,1285,613,0,0
1953,22,26957,Freelancer,Tier2,Organic,2026-08-11,Completed,Completed,29,1141,679,0,1
1954,34,19595,Student,Tier1,Referral,2026-08-12,Completed,Completed,3,725,645,0,0
1955,33,28895,Salaried,Tier3,Ads,2026-08-13,Completed,Completed,37,1091,674,0,0
1956,23,9025,Student,Tier1,Referral,2026-08-14,OTP_Verification,Completed,33,1552,749,0,0
1957,31,26119,Salaried,Tier2,Referral,2026-08-15,KYC,Completed,11,742,641,0,0
1958,27,19962,Student,Tier2,Referral,2026-08-16,KYC,Completed,27,593,751,0,0
1959,24,32465,Salaried,Tier3,Organic,2026-08-17,KYC,Completed,38,374,584,1,0
1960,34,30657,Salaried,Tier1,Ads,2026-08-18,KYC,Completed,3,1907,597,1,0
1961,26,35822,Freelancer,Tier3,Organic,2026-08-19,OTP_Verification,Dropped,35,1781,757,0,0
1962,29,9576,Student,Tier2,Referral,2026-08-20,OTP_Verification,Completed,17,940,760,0,0
1963,24,10556,Student,Tier2,Referral,2026-08-21,KYC,Completed,19,897,717,0,0
1964,34,12368,Student,Tier3,Organic,2026-08-22,OTP_Verification,Dropped,31,1649,793,0,0
1965,20,38940,Freelancer,Tier2,Ads,2026-08-23,Completed,Dropped,9,1072,596,1,0
1966,33,35908,Salaried,Tier2,Referral,2026-08-24,OTP_Verification,Completed,30,1032,718,0,0
1967,27,66238,Salaried,Tier3,Ads,2026-08-25,OTP_Verification,Dropped,30,1008,578,1,0
1968,32,23760,Freelancer,Tier3,Ads,2026-08-26,Completed,Dropped,4,1817,567,1,0
1969,20,12705,Student,Tier1,Ads,2026-08-27,OTP_Verification,Dropped,18,675,624,0,0
1970,32,27761,Freelancer,Tier3,Organic,2026-08-28,OTP_Verification,Completed,33,962,798,0,1
1971,20,17391,Freelancer,Tier2,Organic,2026-08-29,KYC,Completed,10,1243,692,0,0
1972,20,68040,Salaried,Tier1,Ads,2026-08-30,KYC,Completed,32,828,589,1,0
1973,25,10504,Student,Tier2,Organic,2026-08-31,OTP_Verification,Completed,15,406,552,1,0
1974,20,28036,Freelancer,Tier2,Ads,2026-09-01,Completed,Completed,35,1871,677,0,0
1975,29,25973,Salaried,Tier2,Ads,2026-09-02,OTP_Verification,Completed,9,933,637,0,0
1976,26,10030,Student,Tier3,Ads,2026-09-03,Completed,Completed,4,1539,620,0,0
1977,33,60349,Salaried,Tier2,Organic,2026-09-04,Completed,Dropped,1,431,699,0,0
1978,26,9936,Student,Tier2,Organic,2026-09-05,KYC,Completed,5,919,654,0,0
1979,23,11314,Student,Tier3,Organic,2026-09-06,OTP_Verification,Completed,5,1116,707,0,0
1980,30,32676,Salaried,Tier3,Referral,2026-09-07,Completed,Completed,37,1401,673,0,0
1981,22,62330,Salaried,Tier3,Organic,2026-09-08,KYC,Dropped,20,478,709,0,0
1982,33,40495,Salaried,Tier3,Ads,2026-09-09,Completed,Completed,2,1445,738,0,0
1983,26,34115,Freelancer,Tier1,Ads,2026-09-10,OTP_Verification,Completed,37,481,587,1,0
1984,34,11256,Student,Tier2,Referral,2026-09-11,KYC,Dropped,33,394,736,0,0
1985,22,30697,Freelancer,Tier3,Organic,2026-09-12,Completed,Dropped,39,237,751,0,0
1986,31,33913,Salaried,Tier2,Ads,2026-09-13,OTP_Verification,Dropped,17,1674,617,0,0
1987,25,24472,Freelancer,Tier3,Referral,2026-09-14,OTP_Verification,Completed,14,1017,753,0,0
1988,34,41187,Salaried,Tier3,Organic,2026-09-15,KYC,Completed,22,844,669,0,0
1989,23,15593,Freelancer,Tier3,Referral,2026-09-16,OTP_Verification,Dropped,3,470,684,0,1
1990,23,8965,Student,Tier2,Organic,2026-09-17,Completed,Completed,30,793,757,0,0
1991,28,26449,Salaried,Tier3,Organic,2026-09-18,Completed,Completed,21,576,668,0,0
1992,29,13877,Student,Tier1,Referral,2026-09-19,KYC,Completed,26,239,682,0,0
1993,32,32541,Freelancer,Tier1,Organic,2026-09-20,OTP_Verification,Completed,10,500,550,1,0
1994,30,13827,Student,Tier2,Ads,2026-09-21,Completed,Completed,21,1408,593,1,0
1995,30,36279,Freelancer,Tier2,Organic,2026-09-22,KYC,Completed,28,1908,714,0,0
1996,33,8916,Student,Tier3,Organic,2026-09-23,KYC,Dropped,22,1347,748,0,0
1997,29,38002,Freelancer,Tier1,Organic,2026-09-24,Completed,Completed,35,1362,768,0,0
1998,32,16699,Freelancer,Tier1,Referral,2026-09-25,KYC,Dropped,15,483,694,0,0
1999,26,16172,Student,Tier3,Ads,2026-09-26,OTP_Verification,Completed,22,299,635,0,0
